-- phpMyAdmin SQL Dump
-- version 5.1.1
-- https://www.phpmyadmin.net/
--
-- Host: localhost
-- Generation Time: Sep 01, 2025 at 09:00 AM
-- Server version: 10.4.34-MariaDB
-- PHP Version: 7.2.30

SET SQL_MODE = "NO_AUTO_VALUE_ON_ZERO";
START TRANSACTION;
SET time_zone = "+00:00";


/*!40101 SET @OLD_CHARACTER_SET_CLIENT=@@CHARACTER_SET_CLIENT */;
/*!40101 SET @OLD_CHARACTER_SET_RESULTS=@@CHARACTER_SET_RESULTS */;
/*!40101 SET @OLD_COLLATION_CONNECTION=@@COLLATION_CONNECTION */;
/*!40101 SET NAMES utf8mb4 */;

--
-- Database: `nexusis_viapetr`
--

-- --------------------------------------------------------

--
-- Table structure for table `boleto`
--

CREATE TABLE `boleto` (
  `id_boleto` int(11) NOT NULL,
  `qtd_parcelas` int(11) DEFAULT NULL,
  `valor` decimal(10,2) DEFAULT NULL,
  `id_vendedor` int(11) DEFAULT NULL,
  `id_vendedor2` int(11) DEFAULT NULL,
  `id_venda` int(11) DEFAULT NULL,
  `n_parcela` int(11) DEFAULT NULL,
  `dt_vencimento` date DEFAULT NULL,
  `id_comissao` int(11) DEFAULT NULL,
  `valor_comissao1` decimal(10,2) DEFAULT 0.00,
  `valor_comissao2` decimal(10,2) DEFAULT 0.00,
  `id_comissao2` int(11) DEFAULT NULL,
  `status` varchar(20) DEFAULT 'A Vencer'
) ENGINE=InnoDB DEFAULT CHARSET=latin1 COLLATE=latin1_swedish_ci;

--
-- Dumping data for table `boleto`
--

INSERT INTO `boleto` (`id_boleto`, `qtd_parcelas`, `valor`, `id_vendedor`, `id_vendedor2`, `id_venda`, `n_parcela`, `dt_vencimento`, `id_comissao`, `valor_comissao1`, `valor_comissao2`, `id_comissao2`, `status`) VALUES
(15, 1, '295.80', 3, NULL, 4, 1, '2025-06-09', 1, '0.00', '0.00', NULL, 'Pago'),
(18, 1, '128.25', 3, NULL, 8, 1, '2025-06-09', NULL, '0.00', '0.00', NULL, 'Pago'),
(19, 5, '30760.00', 4, NULL, 9, 1, '2025-06-15', 5, '0.00', '0.00', NULL, 'Pago'),
(20, 5, '30760.00', 4, NULL, 9, 2, '2025-07-15', 5, '0.00', '0.00', NULL, 'Pago'),
(21, 5, '30760.00', 4, NULL, 9, 3, '2025-08-15', 5, '0.00', '0.00', NULL, 'Pago'),
(22, 5, '30760.00', 4, NULL, 9, 4, '2025-09-15', 5, '0.00', '0.00', NULL, 'A Vencer'),
(23, 5, '30760.00', 4, NULL, 9, 5, '2025-10-15', 5, '0.00', '0.00', NULL, 'A Vencer'),
(24, 1, '214.67', 3, NULL, 10, 1, '2025-06-29', 1, '0.00', '0.00', NULL, 'Pago'),
(25, 1, '2300.61', 3, NULL, 11, 1, '2025-06-26', 1, '0.00', '0.00', NULL, 'Vencido'),
(26, 1, '786.42', 3, NULL, 12, 1, '2025-06-23', 1, '0.00', '0.00', NULL, 'Pago'),
(27, 3, '1333.33', 5, NULL, 13, 1, '2025-07-06', NULL, '0.00', '0.00', NULL, 'Pago'),
(28, 3, '1333.33', 5, NULL, 13, 2, '2025-08-06', NULL, '0.00', '0.00', NULL, 'Pago'),
(29, 3, '1333.33', 5, NULL, 13, 3, '2025-09-06', NULL, '0.00', '0.00', NULL, 'A Vencer'),
(30, 3, '9166.67', 5, NULL, 15, 1, '2025-08-19', 1, '0.00', '0.00', NULL, 'Vencido'),
(31, 3, '9166.67', 5, NULL, 15, 2, '2025-09-19', 1, '0.00', '0.00', NULL, 'A Vencer'),
(32, 3, '9166.67', 5, NULL, 15, 3, '2025-10-19', 1, '0.00', '0.00', NULL, 'A Vencer'),
(33, 1, '200.00', 5, NULL, 16, 1, '2025-06-30', 1, '0.00', '0.00', NULL, 'Pago'),
(35, 20, '16500.00', 7, NULL, 24, 1, '2025-01-19', 5, '0.00', '0.00', NULL, 'Pago'),
(36, 20, '16500.00', 7, NULL, 24, 2, '2025-02-19', 5, '0.00', '0.00', NULL, 'Pago'),
(37, 20, '16500.00', 7, NULL, 24, 3, '2025-03-19', 5, '0.00', '0.00', NULL, 'Pago'),
(38, 20, '16500.00', 7, NULL, 24, 4, '2025-04-19', 5, '0.00', '0.00', NULL, 'Pago'),
(39, 20, '16500.00', 7, NULL, 24, 5, '2025-05-19', 5, '0.00', '0.00', NULL, 'Pago'),
(40, 20, '16500.00', 7, NULL, 24, 6, '2025-06-19', 5, '0.00', '0.00', NULL, 'Pago'),
(41, 20, '16500.00', 7, NULL, 24, 7, '2025-07-19', 5, '0.00', '0.00', NULL, 'Pago'),
(42, 20, '16500.00', 7, NULL, 24, 8, '2025-08-19', 5, '0.00', '0.00', NULL, 'Vencido'),
(43, 20, '16500.00', 7, NULL, 24, 9, '2025-09-19', 5, '0.00', '0.00', NULL, 'A Vencer'),
(44, 20, '16500.00', 7, NULL, 24, 10, '2025-10-19', 5, '0.00', '0.00', NULL, 'A Vencer'),
(45, 20, '16500.00', 7, NULL, 24, 11, '2025-11-19', 5, '0.00', '0.00', NULL, 'A Vencer'),
(46, 20, '16500.00', 7, NULL, 24, 12, '2025-12-19', 5, '0.00', '0.00', NULL, 'A Vencer'),
(47, 20, '16500.00', 7, NULL, 24, 13, '2026-01-19', 5, '0.00', '0.00', NULL, 'A Vencer'),
(48, 20, '16500.00', 7, NULL, 24, 14, '2026-02-19', 5, '0.00', '0.00', NULL, 'A Vencer'),
(49, 20, '16500.00', 7, NULL, 24, 15, '2026-03-19', 5, '0.00', '0.00', NULL, 'A Vencer'),
(50, 20, '16500.00', 7, NULL, 24, 16, '2026-04-19', 5, '0.00', '0.00', NULL, 'A Vencer'),
(51, 20, '16500.00', 7, NULL, 24, 17, '2026-05-19', 5, '0.00', '0.00', NULL, 'A Vencer'),
(52, 20, '16500.00', 7, NULL, 24, 18, '2026-06-19', 5, '0.00', '0.00', NULL, 'A Vencer'),
(53, 20, '16500.00', 7, NULL, 24, 19, '2026-07-19', 5, '0.00', '0.00', NULL, 'A Vencer'),
(54, 20, '16500.00', 7, NULL, 24, 20, '2026-08-19', 5, '0.00', '0.00', NULL, 'A Vencer'),
(55, 5, '13803.70', 6, NULL, 25, 1, '2025-09-28', 1, '0.00', '0.00', NULL, 'A Vencer'),
(56, 5, '13803.70', 6, NULL, 25, 2, '2025-10-28', 1, '0.00', '0.00', NULL, 'A Vencer'),
(57, 5, '13803.70', 6, NULL, 25, 3, '2025-11-28', 1, '0.00', '0.00', NULL, 'A Vencer'),
(58, 5, '13803.70', 6, NULL, 25, 4, '2025-12-28', 1, '0.00', '0.00', NULL, 'A Vencer'),
(59, 5, '13803.70', 6, NULL, 25, 5, '2026-01-28', 1, '0.00', '0.00', NULL, 'A Vencer'),
(60, 1, '625.00', 5, NULL, 26, 1, '2025-06-27', 1, '0.00', '0.00', NULL, 'Pago'),
(61, 1, '570.00', 6, NULL, 28, 1, '2025-06-09', 1, '0.00', '0.00', NULL, 'Pago'),
(62, 10, '13325.36', 6, NULL, 29, 1, '2025-06-13', 1, '0.00', '0.00', NULL, 'Pago'),
(63, 10, '13325.36', 6, NULL, 29, 2, '2025-07-13', 1, '0.00', '0.00', NULL, 'Pago'),
(64, 10, '13325.36', 6, NULL, 29, 3, '2025-08-13', 1, '0.00', '0.00', NULL, 'Vencido'),
(65, 10, '13325.36', 6, NULL, 29, 4, '2025-09-13', 1, '0.00', '0.00', NULL, 'A Vencer'),
(66, 10, '13325.36', 6, NULL, 29, 5, '2025-10-13', 1, '0.00', '0.00', NULL, 'A Vencer'),
(67, 10, '13325.36', 6, NULL, 29, 6, '2025-11-13', 1, '0.00', '0.00', NULL, 'A Vencer'),
(68, 10, '13325.36', 6, NULL, 29, 7, '2025-12-13', 1, '0.00', '0.00', NULL, 'A Vencer'),
(69, 10, '13325.36', 6, NULL, 29, 8, '2026-01-13', 1, '0.00', '0.00', NULL, 'A Vencer'),
(70, 10, '13325.36', 6, NULL, 29, 9, '2026-02-13', 1, '0.00', '0.00', NULL, 'A Vencer'),
(71, 10, '13325.36', 6, NULL, 29, 10, '2026-03-13', 1, '0.00', '0.00', NULL, 'A Vencer'),
(72, 10, '13000.89', 6, NULL, 30, 1, '2025-06-20', 1, '0.00', '0.00', NULL, 'Pago'),
(73, 10, '13000.89', 6, NULL, 30, 2, '2025-07-20', 1, '0.00', '0.00', NULL, 'Pago'),
(74, 10, '13000.89', 6, NULL, 30, 3, '2025-08-20', 1, '0.00', '0.00', NULL, 'Vencido'),
(75, 10, '13000.89', 6, NULL, 30, 4, '2025-09-20', 1, '0.00', '0.00', NULL, 'A Vencer'),
(76, 10, '13000.89', 6, NULL, 30, 5, '2025-10-20', 1, '0.00', '0.00', NULL, 'A Vencer'),
(77, 10, '13000.89', 6, NULL, 30, 6, '2025-11-20', 1, '0.00', '0.00', NULL, 'A Vencer'),
(78, 10, '13000.89', 6, NULL, 30, 7, '2025-12-20', 1, '0.00', '0.00', NULL, 'A Vencer'),
(79, 10, '13000.89', 6, NULL, 30, 8, '2026-01-20', 1, '0.00', '0.00', NULL, 'A Vencer'),
(80, 10, '13000.89', 6, NULL, 30, 9, '2026-02-20', 1, '0.00', '0.00', NULL, 'A Vencer'),
(81, 10, '13000.89', 6, NULL, 30, 10, '2026-03-20', 1, '0.00', '0.00', NULL, 'A Vencer'),
(86, 15, '14326.67', 7, NULL, 34, 1, '2025-01-20', 5, '0.00', '0.00', NULL, 'Pago'),
(87, 15, '14326.67', 7, NULL, 34, 2, '2025-02-20', 5, '0.00', '0.00', NULL, 'Pago'),
(88, 15, '14326.67', 7, NULL, 34, 3, '2025-03-20', 5, '0.00', '0.00', NULL, 'Pago'),
(89, 15, '14326.67', 7, NULL, 34, 4, '2025-04-20', 5, '0.00', '0.00', NULL, 'Pago'),
(90, 15, '14326.67', 7, NULL, 34, 5, '2025-05-20', 5, '0.00', '0.00', NULL, 'Pago'),
(91, 15, '14326.67', 7, NULL, 34, 6, '2025-06-20', 5, '0.00', '0.00', NULL, 'Pago'),
(92, 15, '14326.67', 7, NULL, 34, 7, '2025-07-20', 5, '0.00', '0.00', NULL, 'Pago'),
(93, 15, '14326.67', 7, NULL, 34, 8, '2025-08-20', 5, '0.00', '0.00', NULL, 'Vencido'),
(94, 15, '14326.67', 7, NULL, 34, 9, '2025-09-20', 5, '0.00', '0.00', NULL, 'A Vencer'),
(95, 15, '14326.67', 7, NULL, 34, 10, '2025-10-20', 5, '0.00', '0.00', NULL, 'A Vencer'),
(96, 15, '14326.67', 7, NULL, 34, 11, '2025-11-20', 5, '0.00', '0.00', NULL, 'A Vencer'),
(97, 15, '14326.67', 7, NULL, 34, 12, '2025-12-20', 5, '0.00', '0.00', NULL, 'A Vencer'),
(98, 15, '14326.67', 7, NULL, 34, 13, '2026-01-20', 5, '0.00', '0.00', NULL, 'A Vencer'),
(99, 15, '14326.67', 7, NULL, 34, 14, '2026-02-20', 5, '0.00', '0.00', NULL, 'A Vencer'),
(100, 15, '14326.67', 7, NULL, 34, 15, '2026-03-20', 5, '0.00', '0.00', NULL, 'A Vencer'),
(101, 2, '2800.00', 6, NULL, 35, 1, '2025-05-22', 1, '0.00', '0.00', NULL, 'Pago'),
(102, 2, '2800.00', 6, NULL, 35, 2, '2025-06-22', 1, '0.00', '0.00', NULL, 'Pago'),
(103, 4, '1281.03', 6, NULL, 36, 1, '2025-03-20', 1, '0.00', '0.00', NULL, 'Pago'),
(104, 4, '1281.03', 6, NULL, 36, 2, '2025-04-20', 1, '0.00', '0.00', NULL, 'Pago'),
(105, 4, '1281.03', 6, NULL, 36, 3, '2025-05-20', 1, '0.00', '0.00', NULL, 'Pago'),
(106, 4, '1281.03', 6, NULL, 36, 4, '2025-06-20', 1, '0.00', '0.00', NULL, 'Vencido'),
(117, 3, '9100.00', 8, NULL, 38, 1, '2025-03-22', 5, '0.00', '0.00', NULL, 'Pago'),
(118, 3, '9100.00', 8, NULL, 38, 2, '2025-04-22', 5, '0.00', '0.00', NULL, 'Pago'),
(119, 3, '9100.00', 8, NULL, 38, 3, '2025-05-22', 5, '0.00', '0.00', NULL, 'Pago'),
(120, 6, '20000.00', 6, NULL, 39, 1, '2025-01-30', 2, '0.00', '0.00', NULL, 'Pago'),
(121, 6, '10000.00', 6, NULL, 39, 2, '2025-02-28', 2, '0.00', '0.00', NULL, 'Pago'),
(122, 6, '50000.00', 6, NULL, 39, 3, '2025-03-30', 2, '0.00', '0.00', NULL, 'Pago'),
(123, 6, '25000.00', 6, NULL, 39, 4, '2025-04-30', 2, '0.00', '0.00', NULL, 'Pago'),
(124, 6, '52500.00', 6, NULL, 39, 5, '2025-04-30', 2, '0.00', '0.00', NULL, 'Pago'),
(125, 6, '52500.00', 6, NULL, 39, 6, '2025-08-30', 2, '0.00', '0.00', NULL, 'A Vencer'),
(126, 20, '16500.00', 6, NULL, 40, 1, '2025-01-20', 2, '0.00', '0.00', NULL, 'Pago'),
(127, 20, '16500.00', 6, NULL, 40, 2, '2025-02-20', 2, '0.00', '0.00', NULL, 'Pago'),
(128, 20, '16500.00', 6, NULL, 40, 3, '2025-03-20', 2, '0.00', '0.00', NULL, 'Pago'),
(129, 20, '16500.00', 6, NULL, 40, 4, '2025-04-20', 2, '0.00', '0.00', NULL, 'Pago'),
(130, 20, '16500.00', 6, NULL, 40, 5, '2025-05-20', 2, '0.00', '0.00', NULL, 'Pago'),
(131, 20, '16500.00', 6, NULL, 40, 6, '2025-06-20', 2, '0.00', '0.00', NULL, 'Pago'),
(132, 20, '16500.00', 6, NULL, 40, 7, '2025-07-20', 2, '0.00', '0.00', NULL, 'Pago'),
(133, 20, '16500.00', 6, NULL, 40, 8, '2025-08-20', 2, '0.00', '0.00', NULL, 'Vencido'),
(134, 20, '16500.00', 6, NULL, 40, 9, '2025-09-20', 2, '0.00', '0.00', NULL, 'A Vencer'),
(135, 20, '16500.00', 6, NULL, 40, 10, '2025-10-20', 2, '0.00', '0.00', NULL, 'A Vencer'),
(136, 20, '16500.00', 6, NULL, 40, 11, '2025-11-20', 2, '0.00', '0.00', NULL, 'A Vencer'),
(137, 20, '16500.00', 6, NULL, 40, 12, '2025-12-20', 2, '0.00', '0.00', NULL, 'A Vencer'),
(138, 20, '16500.00', 6, NULL, 40, 13, '2026-01-20', 2, '0.00', '0.00', NULL, 'A Vencer'),
(139, 20, '16500.00', 6, NULL, 40, 14, '2026-02-20', 2, '0.00', '0.00', NULL, 'A Vencer'),
(140, 20, '16500.00', 6, NULL, 40, 15, '2026-03-20', 2, '0.00', '0.00', NULL, 'A Vencer'),
(141, 20, '16500.00', 6, NULL, 40, 16, '2026-04-20', 2, '0.00', '0.00', NULL, 'A Vencer'),
(142, 20, '16500.00', 6, NULL, 40, 17, '2026-05-20', 2, '0.00', '0.00', NULL, 'A Vencer'),
(143, 20, '16500.00', 6, NULL, 40, 18, '2026-06-20', 2, '0.00', '0.00', NULL, 'A Vencer'),
(144, 20, '16500.00', 6, NULL, 40, 19, '2026-07-20', 2, '0.00', '0.00', NULL, 'A Vencer'),
(145, 20, '16500.00', 6, NULL, 40, 20, '2026-08-20', 2, '0.00', '0.00', NULL, 'A Vencer'),
(146, 1, '100000.00', 6, NULL, 41, 1, '2025-05-25', 1, '0.00', '0.00', NULL, 'Pago'),
(147, 6, '6469.90', 6, NULL, 42, 1, '2025-01-03', 2, '0.00', '0.00', NULL, 'Pago'),
(148, 6, '6469.90', 6, NULL, 42, 2, '2025-02-03', 2, '0.00', '0.00', NULL, 'Pago'),
(149, 6, '6469.90', 6, NULL, 42, 3, '2025-03-03', 2, '0.00', '0.00', NULL, 'Pago'),
(150, 6, '6469.90', 6, NULL, 42, 4, '2025-04-03', 2, '0.00', '0.00', NULL, 'Pago'),
(151, 6, '6469.90', 6, NULL, 42, 5, '2025-05-03', 2, '0.00', '0.00', NULL, 'Pago'),
(152, 6, '6469.90', 6, NULL, 42, 6, '2025-06-03', 2, '0.00', '0.00', NULL, 'Pago'),
(153, 3, '9100.00', 6, NULL, 43, 1, '2025-03-19', 1, '0.00', '0.00', NULL, 'Pago'),
(154, 3, '9100.00', 6, NULL, 43, 2, '2025-04-19', 1, '0.00', '0.00', NULL, 'Pago'),
(155, 3, '9100.00', 6, NULL, 43, 3, '2025-05-19', 1, '0.00', '0.00', NULL, 'Pago'),
(156, 6, '35000.00', 9, NULL, 44, 1, '2026-01-30', 5, '0.00', '0.00', NULL, 'Pago'),
(157, 6, '35000.00', 9, NULL, 44, 2, '2026-03-02', 5, '0.00', '0.00', NULL, 'Pago'),
(158, 6, '35000.00', 9, NULL, 44, 3, '2026-03-30', 5, '0.00', '0.00', NULL, 'Pago'),
(159, 6, '35000.00', 9, NULL, 44, 4, '2026-04-30', 5, '0.00', '0.00', NULL, 'Pago'),
(160, 6, '35000.00', 9, NULL, 44, 5, '2026-05-30', 5, '0.00', '0.00', NULL, 'A Vencer'),
(161, 6, '35000.00', 9, NULL, 44, 6, '2026-06-30', 5, '0.00', '0.00', NULL, 'A Vencer'),
(162, 4, '1022.07', 6, NULL, 45, 1, '2025-06-16', 1, '0.00', '0.00', NULL, 'Pago'),
(163, 4, '1022.07', 6, NULL, 45, 2, '2025-07-16', 1, '0.00', '0.00', NULL, 'Pago'),
(164, 4, '1022.07', 6, NULL, 45, 3, '2025-08-16', 1, '0.00', '0.00', NULL, 'Vencido'),
(165, 4, '1022.07', 6, NULL, 45, 4, '2025-09-16', 1, '0.00', '0.00', NULL, 'A Vencer'),
(166, 5, '798.15', 6, NULL, 46, 1, '2025-02-07', 1, '0.00', '0.00', NULL, 'Pago'),
(167, 5, '798.15', 6, NULL, 46, 2, '2025-03-07', 1, '0.00', '0.00', NULL, 'Pago'),
(168, 5, '798.15', 6, NULL, 46, 3, '2025-04-07', 1, '0.00', '0.00', NULL, 'Pago'),
(169, 5, '798.15', 6, NULL, 46, 4, '2025-05-07', 1, '0.00', '0.00', NULL, 'Pago'),
(170, 5, '798.15', 6, NULL, 46, 5, '2025-06-07', 1, '0.00', '0.00', NULL, 'Pago'),
(171, 4, '650.00', 6, NULL, 47, 1, '2025-02-24', 1, '0.00', '0.00', NULL, 'Pago'),
(172, 4, '650.00', 6, NULL, 47, 2, '2025-03-24', 1, '0.00', '0.00', NULL, 'Pago'),
(173, 4, '650.00', 6, NULL, 47, 3, '2025-04-24', 1, '0.00', '0.00', NULL, 'Pago'),
(174, 4, '650.00', 6, NULL, 47, 4, '2025-05-24', 1, '0.00', '0.00', NULL, 'Pago'),
(175, 5, '9349.99', 6, NULL, 48, 1, '2025-02-24', 2, '0.00', '0.00', NULL, 'Pago'),
(176, 5, '9349.99', 6, NULL, 48, 2, '2025-03-24', 2, '0.00', '0.00', NULL, 'Pago'),
(177, 5, '9349.99', 6, NULL, 48, 3, '2025-04-24', 2, '0.00', '0.00', NULL, 'Pago'),
(178, 5, '9349.99', 6, NULL, 48, 4, '2025-05-24', 2, '0.00', '0.00', NULL, 'Pago'),
(179, 5, '9349.99', 6, NULL, 48, 5, '2025-06-24', 2, '0.00', '0.00', NULL, 'Pago'),
(184, 4, '2750.00', 6, NULL, 50, 1, '2025-03-26', 1, '0.00', '0.00', NULL, 'Pago'),
(185, 4, '2750.00', 6, NULL, 50, 2, '2025-04-26', 1, '0.00', '0.00', NULL, 'Pago'),
(186, 4, '2750.00', 6, NULL, 50, 3, '2025-05-26', 1, '0.00', '0.00', NULL, 'Pago'),
(187, 4, '2750.00', 6, NULL, 50, 4, '2025-06-26', 1, '0.00', '0.00', NULL, 'Pago'),
(188, 10, '6376.61', 6, NULL, 51, 1, '2025-03-28', 1, '0.00', '0.00', NULL, 'Pago'),
(189, 10, '6376.61', 6, NULL, 51, 2, '2025-04-28', 1, '0.00', '0.00', NULL, 'Pago'),
(190, 10, '6376.61', 6, NULL, 51, 3, '2025-05-28', 1, '0.00', '0.00', NULL, 'Pago'),
(191, 10, '6376.61', 6, NULL, 51, 4, '2025-06-28', 1, '0.00', '0.00', NULL, 'Pago'),
(192, 10, '6376.61', 6, NULL, 51, 5, '2025-07-28', 1, '0.00', '0.00', NULL, 'Pago'),
(193, 10, '6376.61', 6, NULL, 51, 6, '2025-08-28', 1, '0.00', '0.00', NULL, 'A Vencer'),
(194, 10, '6376.61', 6, NULL, 51, 7, '2025-09-28', 1, '0.00', '0.00', NULL, 'A Vencer'),
(195, 10, '6376.61', 6, NULL, 51, 8, '2025-10-28', 1, '0.00', '0.00', NULL, 'A Vencer'),
(196, 10, '6376.61', 6, NULL, 51, 9, '2025-11-28', 1, '0.00', '0.00', NULL, 'A Vencer'),
(197, 10, '6376.61', 6, NULL, 51, 10, '2025-12-28', 1, '0.00', '0.00', NULL, 'A Vencer'),
(198, 2, '855.87', 6, NULL, 52, 1, '2025-04-28', 1, '0.00', '0.00', NULL, 'Pago'),
(199, 2, '855.87', 6, NULL, 52, 2, '2025-05-28', 1, '0.00', '0.00', NULL, 'Pago'),
(200, 3, '4533.33', 6, NULL, 53, 1, '2025-04-28', 1, '0.00', '0.00', NULL, 'Pago'),
(201, 3, '4533.33', 6, NULL, 53, 2, '2025-05-28', 1, '0.00', '0.00', NULL, 'Pago'),
(202, 3, '4533.33', 6, NULL, 53, 3, '2025-06-28', 1, '0.00', '0.00', NULL, 'Pago'),
(203, 8, '3125.00', 6, NULL, 54, 1, '2024-11-20', 6, '0.00', '0.00', NULL, 'Pago'),
(204, 8, '3125.00', 6, NULL, 54, 2, '2024-12-20', 6, '0.00', '0.00', NULL, 'Pago'),
(205, 8, '3125.00', 6, NULL, 54, 3, '2025-01-20', 6, '0.00', '0.00', NULL, 'Pago'),
(206, 8, '3125.00', 6, NULL, 54, 4, '2025-02-20', 6, '0.00', '0.00', NULL, 'Pago'),
(207, 8, '3125.00', 6, NULL, 54, 5, '2025-03-20', 6, '0.00', '0.00', NULL, 'Pago'),
(208, 8, '3125.00', 6, NULL, 54, 6, '2025-04-20', 6, '0.00', '0.00', NULL, 'Pago'),
(209, 8, '3125.00', 6, NULL, 54, 7, '2025-05-20', 6, '0.00', '0.00', NULL, 'Vencido'),
(210, 8, '3125.00', 6, NULL, 54, 8, '2025-06-20', 6, '0.00', '0.00', NULL, 'Vencido'),
(211, 5, '1480.00', 6, NULL, 55, 1, '2025-05-08', 1, '0.00', '0.00', NULL, 'Pago'),
(212, 5, '1480.00', 6, NULL, 55, 2, '2025-06-08', 1, '0.00', '0.00', NULL, 'Pago'),
(213, 5, '1480.00', 6, NULL, 55, 3, '2025-07-08', 1, '0.00', '0.00', NULL, 'Pago'),
(214, 5, '1480.00', 6, NULL, 55, 4, '2025-08-08', 1, '0.00', '0.00', NULL, 'Pago'),
(215, 5, '1480.00', 6, NULL, 55, 5, '2025-09-08', 1, '0.00', '0.00', NULL, 'A Vencer'),
(217, 1, '7000.00', 6, NULL, 57, 1, '2025-05-27', 1, '0.00', '0.00', NULL, 'Pago'),
(218, 1, '223.10', 6, NULL, 58, 1, '2025-05-28', 1, '0.00', '0.00', NULL, 'Pago'),
(219, 1, '976.00', 6, NULL, 61, 1, '2025-06-10', 1, '0.00', '0.00', NULL, 'Pago'),
(220, 3, '5000.00', 6, NULL, 63, 1, '2025-06-26', 1, '0.00', '0.00', NULL, 'Pago'),
(221, 3, '5000.00', 6, NULL, 63, 2, '2025-07-26', 1, '0.00', '0.00', NULL, 'Pago'),
(222, 3, '5000.00', 6, NULL, 63, 3, '2025-08-26', 1, '0.00', '0.00', NULL, 'A Vencer'),
(223, 1, '6250.00', 6, NULL, 64, 1, '2025-07-16', 1, '0.00', '0.00', NULL, 'Pago'),
(224, 1, '6250.00', 10, NULL, 65, 1, '2025-07-16', 4, '0.00', '0.00', NULL, 'Pago'),
(225, 2, '1141.67', 6, NULL, 66, 1, '2025-06-30', 1, '0.00', '0.00', NULL, 'Pago'),
(226, 2, '1141.67', 6, NULL, 66, 2, '2025-07-30', 1, '0.00', '0.00', NULL, 'Pago'),
(227, 5, '3452.60', 6, NULL, 68, 1, '2025-06-04', 1, '0.00', '0.00', NULL, 'Pago'),
(228, 5, '3452.60', 6, NULL, 68, 2, '2025-07-04', 1, '0.00', '0.00', NULL, 'Pago'),
(229, 5, '3452.60', 6, NULL, 68, 3, '2025-08-04', 1, '0.00', '0.00', NULL, 'Pago'),
(230, 5, '3452.60', 6, NULL, 68, 4, '2025-09-04', 1, '0.00', '0.00', NULL, 'A Vencer'),
(231, 5, '3452.60', 6, NULL, 68, 5, '2025-10-04', 1, '0.00', '0.00', NULL, 'A Vencer'),
(232, 3, '2037.71', 6, NULL, 70, 1, '2025-06-12', 1, '0.00', '0.00', NULL, 'Pago'),
(233, 3, '2037.71', 6, NULL, 70, 2, '2025-07-12', 1, '0.00', '0.00', NULL, 'Pago'),
(234, 3, '2037.71', 6, NULL, 70, 3, '2025-08-12', 1, '0.00', '0.00', NULL, 'Vencido'),
(235, 15, '14326.67', 6, NULL, 71, 1, '2025-01-20', 2, '0.00', '0.00', NULL, 'Pago'),
(236, 15, '14326.67', 6, NULL, 71, 2, '2025-02-20', 2, '0.00', '0.00', NULL, 'Pago'),
(237, 15, '14326.67', 6, NULL, 71, 3, '2025-03-20', 2, '0.00', '0.00', NULL, 'Pago'),
(238, 15, '14326.67', 6, NULL, 71, 4, '2025-04-20', 2, '0.00', '0.00', NULL, 'Pago'),
(239, 15, '14326.67', 6, NULL, 71, 5, '2025-05-20', 2, '0.00', '0.00', NULL, 'Pago'),
(240, 15, '14326.67', 6, NULL, 71, 6, '2025-06-20', 2, '0.00', '0.00', NULL, 'Pago'),
(241, 15, '14326.67', 6, NULL, 71, 7, '2025-07-20', 2, '0.00', '0.00', NULL, 'Pago'),
(242, 15, '14326.67', 6, NULL, 71, 8, '2025-08-20', 2, '0.00', '0.00', NULL, 'Vencido'),
(243, 15, '14326.67', 6, NULL, 71, 9, '2025-09-20', 2, '0.00', '0.00', NULL, 'A Vencer'),
(244, 15, '14326.67', 6, NULL, 71, 10, '2025-10-20', 2, '0.00', '0.00', NULL, 'A Vencer'),
(245, 15, '14326.67', 6, NULL, 71, 11, '2025-11-20', 2, '0.00', '0.00', NULL, 'A Vencer'),
(246, 15, '14326.67', 6, NULL, 71, 12, '2025-12-20', 2, '0.00', '0.00', NULL, 'A Vencer'),
(247, 15, '14326.67', 6, NULL, 71, 13, '2026-01-20', 2, '0.00', '0.00', NULL, 'A Vencer'),
(248, 15, '14326.67', 6, NULL, 71, 14, '2026-02-20', 2, '0.00', '0.00', NULL, 'A Vencer'),
(249, 15, '14326.67', 6, NULL, 71, 15, '2026-03-20', 2, '0.00', '0.00', NULL, 'A Vencer'),
(250, 1, '100000.00', 11, NULL, 73, 1, '2025-05-06', 4, '0.00', '0.00', NULL, 'Pago'),
(251, 5, '710.00', 5, NULL, 74, 1, '2025-06-09', 1, '0.00', '0.00', NULL, 'Pago'),
(252, 5, '710.00', 5, NULL, 74, 2, '2025-07-09', 1, '0.00', '0.00', NULL, 'Pago'),
(253, 5, '710.00', 5, NULL, 74, 3, '2025-08-09', 1, '0.00', '0.00', NULL, 'Pago'),
(254, 5, '710.00', 5, NULL, 74, 4, '2025-09-09', 1, '0.00', '0.00', NULL, 'A Vencer'),
(255, 5, '710.00', 5, NULL, 74, 5, '2025-10-09', 1, '0.00', '0.00', NULL, 'A Vencer'),
(256, 1, '3000.00', 3, NULL, 75, 1, '2025-06-18', 1, '0.00', '0.00', NULL, 'Pago'),
(257, 2, '126300.89', 3, NULL, 77, 1, '2025-04-28', 1, '0.00', '0.00', NULL, 'Pago'),
(258, 2, '126300.89', 3, NULL, 77, 2, '2025-05-28', 1, '0.00', '0.00', NULL, 'Pago'),
(259, 1, '1700.00', 3, NULL, 78, 1, '2025-05-04', 1, '0.00', '0.00', NULL, 'Pago'),
(260, 1, '549.58', 3, NULL, 79, 1, '2025-05-16', 1, '0.00', '0.00', NULL, 'Pago'),
(261, 1, '261.64', 3, NULL, 80, 1, '2025-07-06', 1, '0.00', '0.00', NULL, 'Pago'),
(262, 1, '22867.14', 3, NULL, 81, 1, '2025-06-15', 1, '0.00', '0.00', NULL, 'Pago'),
(263, 3, '1496.66', 12, NULL, 82, 1, '2025-03-10', 1, '0.00', '0.00', NULL, 'Pago'),
(264, 3, '1496.66', 12, NULL, 82, 2, '2025-04-10', 1, '0.00', '0.00', NULL, 'Pago'),
(265, 3, '1496.66', 12, NULL, 82, 3, '2025-05-10', 1, '0.00', '0.00', NULL, 'Pago'),
(266, 6, '333.33', 12, NULL, 83, 1, '2025-02-13', 1, '0.00', '0.00', NULL, 'Pago'),
(267, 6, '333.33', 12, NULL, 83, 2, '2025-03-13', 1, '0.00', '0.00', NULL, 'Pago'),
(268, 6, '333.33', 12, NULL, 83, 3, '2025-04-13', 1, '0.00', '0.00', NULL, 'Pago'),
(269, 6, '333.33', 12, NULL, 83, 4, '2025-05-13', 1, '0.00', '0.00', NULL, 'Pago'),
(270, 6, '333.33', 12, NULL, 83, 5, '2025-06-13', 1, '0.00', '0.00', NULL, 'Pago'),
(271, 6, '333.33', 12, NULL, 83, 6, '2025-07-13', 1, '0.00', '0.00', NULL, 'Pago'),
(272, 4, '91.00', 12, NULL, 84, 1, '2025-02-13', 1, '0.00', '0.00', NULL, 'Pago'),
(273, 4, '91.00', 12, NULL, 84, 2, '2025-03-13', 1, '0.00', '0.00', NULL, 'Pago'),
(274, 4, '91.00', 12, NULL, 84, 3, '2025-04-13', 1, '0.00', '0.00', NULL, 'Pago'),
(275, 4, '91.00', 12, NULL, 84, 4, '2025-05-13', 1, '0.00', '0.00', NULL, 'Pago'),
(276, 4, '1300.00', 12, NULL, 85, 1, '2025-02-14', 6, '0.00', '0.00', NULL, 'Pago'),
(277, 4, '1300.00', 12, NULL, 85, 2, '2025-03-14', 6, '0.00', '0.00', NULL, 'Pago'),
(278, 4, '1300.00', 12, NULL, 85, 3, '2025-04-14', 6, '0.00', '0.00', NULL, 'Pago'),
(279, 4, '1300.00', 12, NULL, 85, 4, '2025-05-14', 6, '0.00', '0.00', NULL, 'Pago'),
(280, 4, '1195.00', 12, NULL, 86, 1, '2025-03-26', 1, '0.00', '0.00', NULL, 'Pago'),
(281, 4, '1195.00', 12, NULL, 86, 2, '2025-04-26', 1, '0.00', '0.00', NULL, 'Pago'),
(282, 4, '1195.00', 12, NULL, 86, 3, '2025-05-26', 1, '0.00', '0.00', NULL, 'Pago'),
(283, 4, '1195.00', 12, NULL, 86, 4, '2025-06-26', 1, '0.00', '0.00', NULL, 'Pago'),
(284, 3, '731.17', 12, NULL, 87, 1, '2025-04-19', 1, '0.00', '0.00', NULL, 'Pago'),
(285, 3, '731.17', 12, NULL, 87, 2, '2025-05-19', 1, '0.00', '0.00', NULL, 'Pago'),
(286, 3, '731.17', 12, NULL, 87, 3, '2025-06-19', 1, '0.00', '0.00', NULL, 'Pago'),
(287, 2, '1045.00', 12, NULL, 88, 1, '2025-04-12', 1, '0.00', '0.00', NULL, 'Pago'),
(288, 2, '1045.00', 12, NULL, 88, 2, '2025-05-12', 1, '0.00', '0.00', NULL, 'Pago'),
(289, 4, '6750.00', 12, NULL, 89, 1, '2025-05-11', 1, '0.00', '0.00', NULL, 'Pago'),
(290, 4, '6750.00', 12, NULL, 89, 2, '2025-06-11', 1, '0.00', '0.00', NULL, 'Pago'),
(291, 4, '6750.00', 12, NULL, 89, 3, '2025-07-11', 1, '0.00', '0.00', NULL, 'Pago'),
(292, 4, '6750.00', 12, NULL, 89, 4, '2025-08-11', 1, '0.00', '0.00', NULL, 'Pago'),
(293, 1, '3050.00', 12, NULL, 90, 1, '2025-05-23', 1, '0.00', '0.00', NULL, 'Pago'),
(294, 1, '2000.00', 12, NULL, 91, 1, '2025-05-15', 1, '0.00', '0.00', NULL, 'Pago'),
(295, 3, '2266.67', 5, NULL, 92, 1, '2025-03-28', 1, '0.00', '0.00', NULL, 'Pago'),
(296, 3, '2266.67', 5, NULL, 92, 2, '2025-04-28', 1, '0.00', '0.00', NULL, 'Pago'),
(297, 3, '2266.67', 5, NULL, 92, 3, '2025-05-28', 1, '0.00', '0.00', NULL, 'Pago'),
(298, 1, '147.00', 6, NULL, 93, 1, '2026-07-14', 1, '0.00', '0.00', NULL, 'A Vencer'),
(299, 4, '2975.00', 6, NULL, 95, 1, '2025-07-07', 1, '0.00', '0.00', NULL, 'Pago'),
(300, 4, '2975.00', 6, NULL, 95, 2, '2025-08-07', 1, '0.00', '0.00', NULL, 'Pago'),
(301, 4, '2975.00', 6, NULL, 95, 3, '2025-09-07', 1, '0.00', '0.00', NULL, 'A Vencer'),
(302, 4, '2975.00', 6, NULL, 95, 4, '2025-10-07', 1, '0.00', '0.00', NULL, 'A Vencer'),
(304, 4, '2975.00', 9, NULL, 97, 1, '2025-07-07', 5, '0.00', '0.00', NULL, 'Pago'),
(305, 4, '2975.00', 9, NULL, 97, 2, '2025-08-07', 5, '0.00', '0.00', NULL, 'Pago'),
(306, 4, '2975.00', 9, NULL, 97, 3, '2025-09-07', 5, '0.00', '0.00', NULL, 'A Vencer'),
(307, 4, '2975.00', 9, NULL, 97, 4, '2025-10-07', 5, '0.00', '0.00', NULL, 'A Vencer'),
(308, 2, '600.00', 3, NULL, 98, 1, '2025-07-07', 1, '0.00', '0.00', NULL, 'Pago'),
(309, 2, '600.00', 3, NULL, 98, 2, '2025-08-07', 1, '0.00', '0.00', NULL, 'Pago'),
(312, 2, '677.49', 3, NULL, 100, 1, '2025-07-16', 1, '0.00', '0.00', NULL, 'Pago'),
(313, 2, '677.49', 3, NULL, 100, 2, '2025-08-16', 1, '0.00', '0.00', NULL, 'Vencido'),
(314, 1, '220.70', 3, NULL, 101, 1, '2025-07-07', 1, '0.00', '0.00', NULL, 'Pago'),
(315, 6, '1677.01', 3, NULL, 102, 1, '2025-07-18', 1, '0.00', '0.00', NULL, 'Pago'),
(316, 6, '1677.01', 3, NULL, 102, 2, '2025-08-18', 1, '0.00', '0.00', NULL, 'Vencido'),
(317, 6, '1677.01', 3, NULL, 102, 3, '2025-09-18', 1, '0.00', '0.00', NULL, 'A Vencer'),
(318, 6, '1677.01', 3, NULL, 102, 4, '2025-10-18', 1, '0.00', '0.00', NULL, 'A Vencer'),
(319, 6, '1677.01', 3, NULL, 102, 5, '2025-11-18', 1, '0.00', '0.00', NULL, 'A Vencer'),
(320, 6, '1677.01', 3, NULL, 102, 6, '2025-12-18', 1, '0.00', '0.00', NULL, 'A Vencer'),
(321, 1, '149.46', 3, NULL, 103, 1, '2025-07-14', 1, '0.00', '0.00', NULL, 'Pago'),
(322, 1, '460.00', 3, NULL, 105, 1, '2025-07-17', 1, '0.00', '0.00', NULL, 'Pago'),
(323, 2, '25893.05', 3, NULL, 106, 1, '2025-09-22', 6, '0.00', '0.00', NULL, 'A Vencer'),
(324, 2, '25893.05', 3, NULL, 106, 2, '2025-10-22', 6, '0.00', '0.00', NULL, 'A Vencer'),
(325, 6, '6333.33', 3, NULL, 107, 1, '2025-08-16', 1, '0.00', '0.00', NULL, 'Vencido'),
(326, 6, '6333.33', 3, NULL, 107, 2, '2025-09-16', 1, '0.00', '0.00', NULL, 'A Vencer'),
(327, 6, '6333.33', 3, NULL, 107, 3, '2025-10-16', 1, '0.00', '0.00', NULL, 'A Vencer'),
(328, 6, '6333.33', 3, NULL, 107, 4, '2025-11-16', 1, '0.00', '0.00', NULL, 'A Vencer'),
(329, 6, '6333.33', 3, NULL, 107, 5, '2025-12-16', 1, '0.00', '0.00', NULL, 'A Vencer'),
(330, 6, '6333.33', 3, NULL, 107, 6, '2026-01-16', 1, '0.00', '0.00', NULL, 'A Vencer'),
(331, 1, '459.16', 3, NULL, 108, 1, '2025-08-22', 1, '0.00', '0.00', NULL, 'A Vencer'),
(332, 1, '490.00', 6, NULL, 109, 1, '2025-09-23', 1, '0.00', '0.00', NULL, 'A Vencer'),
(333, 1, '391.00', 6, NULL, 110, 1, '2025-07-28', 1, '0.00', '0.00', NULL, 'Pago'),
(337, 1, '2170.00', 5, NULL, 112, 1, '2025-06-26', 6, '0.00', '0.00', NULL, 'Pago'),
(338, 1, '459.16', 3, NULL, 114, 1, '2025-09-22', 1, '0.00', '0.00', NULL, 'A Vencer'),
(339, 1, '965.43', 5, NULL, 115, 1, '2025-07-26', 1, '0.00', '0.00', NULL, 'Pago'),
(340, 1, '1572.84', 3, NULL, 116, 1, '2025-07-23', 1, '0.00', '0.00', NULL, 'Pago'),
(341, 2, '1234.26', 5, NULL, 117, 1, '2025-08-26', 1, '0.00', '0.00', NULL, 'A Vencer'),
(342, 2, '1234.26', 5, NULL, 117, 2, '2025-09-26', 1, '0.00', '0.00', NULL, 'A Vencer'),
(343, 1, '195.40', 5, NULL, 118, 1, '2025-07-26', 1, '0.00', '0.00', NULL, 'Pago'),
(344, 1, '261.64', 3, NULL, 119, 1, '2025-07-19', 1, '0.00', '0.00', NULL, 'Pago'),
(345, 4, '1297.70', 3, NULL, 120, 1, '2025-07-09', 1, '0.00', '0.00', NULL, 'Pago'),
(346, 4, '1297.70', 3, NULL, 120, 2, '2025-08-09', 1, '0.00', '0.00', NULL, 'Vencido'),
(347, 4, '1297.70', 3, NULL, 120, 3, '2025-09-09', 1, '0.00', '0.00', NULL, 'A Vencer'),
(348, 4, '1297.70', 3, NULL, 120, 4, '2025-10-09', 1, '0.00', '0.00', NULL, 'A Vencer'),
(349, 1, '120.00', 3, NULL, 121, 1, '2025-07-02', 1, '0.00', '0.00', NULL, 'Pago'),
(350, 6, '1200.16', 5, NULL, 122, 1, '2025-07-19', 1, '0.00', '0.00', NULL, 'Pago'),
(351, 6, '1200.16', 5, NULL, 122, 2, '2025-08-19', 1, '0.00', '0.00', NULL, 'Vencido'),
(352, 6, '1200.16', 5, NULL, 122, 3, '2025-09-19', 1, '0.00', '0.00', NULL, 'A Vencer'),
(353, 6, '1200.16', 5, NULL, 122, 4, '2025-10-19', 1, '0.00', '0.00', NULL, 'A Vencer'),
(354, 6, '1200.16', 5, NULL, 122, 5, '2025-11-19', 1, '0.00', '0.00', NULL, 'A Vencer'),
(355, 6, '1200.16', 5, NULL, 122, 6, '2025-12-19', 1, '0.00', '0.00', NULL, 'A Vencer'),
(356, 1, '187.20', 6, NULL, 123, 1, '2025-07-22', 1, '0.00', '0.00', NULL, 'Pago'),
(357, 1, '97.60', 6, NULL, 124, 1, '2025-07-06', 1, '0.00', '0.00', NULL, 'Pago'),
(358, 5, '1329.41', 6, NULL, 125, 1, '2025-07-06', 1, '0.00', '0.00', NULL, 'Pago'),
(359, 5, '1329.41', 6, NULL, 125, 2, '2025-08-06', 1, '0.00', '0.00', NULL, 'Pago'),
(360, 5, '1329.41', 6, NULL, 125, 3, '2025-09-06', 1, '0.00', '0.00', NULL, 'A Vencer'),
(361, 5, '1329.41', 6, NULL, 125, 4, '2025-10-06', 1, '0.00', '0.00', NULL, 'A Vencer'),
(362, 5, '1329.41', 6, NULL, 125, 5, '2025-11-06', 1, '0.00', '0.00', NULL, 'A Vencer'),
(363, 1, '42.00', 6, NULL, 126, 1, '2025-07-25', 1, '0.00', '0.00', NULL, 'Pago'),
(364, 5, '1550.00', 6, NULL, 127, 1, '2025-07-20', 1, '0.00', '0.00', NULL, 'Pago'),
(365, 5, '1550.00', 6, NULL, 127, 2, '2025-08-20', 1, '0.00', '0.00', NULL, 'Vencido'),
(366, 5, '1550.00', 6, NULL, 127, 3, '2025-09-20', 1, '0.00', '0.00', NULL, 'A Vencer'),
(367, 5, '1550.00', 6, NULL, 127, 4, '2025-10-20', 1, '0.00', '0.00', NULL, 'A Vencer'),
(368, 5, '1550.00', 6, NULL, 127, 5, '2025-11-20', 1, '0.00', '0.00', NULL, 'A Vencer'),
(369, 5, '1547.46', 6, NULL, 128, 1, '2025-07-25', 1, '0.00', '0.00', NULL, 'Pago'),
(370, 5, '1547.46', 6, NULL, 128, 2, '2025-08-25', 1, '0.00', '0.00', NULL, 'A Vencer'),
(371, 5, '1547.46', 6, NULL, 128, 3, '2025-09-25', 1, '0.00', '0.00', NULL, 'A Vencer'),
(372, 5, '1547.46', 6, NULL, 128, 4, '2025-10-25', 1, '0.00', '0.00', NULL, 'A Vencer'),
(373, 5, '1547.46', 6, NULL, 128, 5, '2025-11-25', 1, '0.00', '0.00', NULL, 'A Vencer'),
(374, 2, '247.41', 6, NULL, 129, 1, '2027-07-25', 1, '0.00', '0.00', NULL, 'A Vencer'),
(375, 2, '247.41', 6, NULL, 129, 2, '2027-08-25', 1, '0.00', '0.00', NULL, 'A Vencer'),
(376, 1, '30.00', 6, NULL, 130, 1, '2025-06-24', 1, '0.00', '0.00', NULL, 'Pago'),
(377, 1, '264.52', 6, NULL, 131, 1, '2025-06-24', 1, '0.00', '0.00', NULL, 'Pago'),
(378, 2, '158.20', 6, NULL, 132, 1, '2025-06-25', 1, '0.00', '0.00', NULL, 'Pago'),
(379, 2, '158.20', 6, NULL, 132, 2, '2025-07-25', 1, '0.00', '0.00', NULL, 'Pago'),
(380, 2, '161.29', 6, NULL, 133, 1, '2025-06-25', 1, '0.00', '0.00', NULL, 'Pago'),
(381, 2, '161.29', 6, NULL, 133, 2, '2025-07-25', 1, '0.00', '0.00', NULL, 'Pago'),
(382, 1, '187.66', 6, NULL, 134, 1, '2025-06-24', 1, '0.00', '0.00', NULL, 'Pago'),
(383, 1, '30.00', 6, NULL, 135, 1, '2025-06-24', 1, '0.00', '0.00', NULL, 'Pago'),
(384, 1, '45.85', 6, NULL, 136, 1, '2025-07-26', 1, '0.00', '0.00', NULL, 'Pago'),
(385, 1, '72.90', 6, NULL, 137, 1, '2025-06-24', 1, '0.00', '0.00', NULL, 'Pago'),
(386, 10, '1232.83', 6, NULL, 138, 1, '2025-06-25', 1, '0.00', '0.00', NULL, 'Pago'),
(387, 10, '1232.83', 6, NULL, 138, 2, '2025-07-25', 1, '0.00', '0.00', NULL, 'Pago'),
(388, 10, '1232.83', 6, NULL, 138, 3, '2025-08-25', 1, '0.00', '0.00', NULL, 'A Vencer'),
(389, 10, '1232.83', 6, NULL, 138, 4, '2025-09-25', 1, '0.00', '0.00', NULL, 'A Vencer'),
(390, 10, '1232.83', 6, NULL, 138, 5, '2025-10-25', 1, '0.00', '0.00', NULL, 'A Vencer'),
(391, 10, '1232.83', 6, NULL, 138, 6, '2025-11-25', 1, '0.00', '0.00', NULL, 'A Vencer'),
(392, 10, '1232.83', 6, NULL, 138, 7, '2025-12-25', 1, '0.00', '0.00', NULL, 'A Vencer'),
(393, 10, '1232.83', 6, NULL, 138, 8, '2026-01-25', 1, '0.00', '0.00', NULL, 'A Vencer'),
(394, 10, '1232.83', 6, NULL, 138, 9, '2026-02-25', 1, '0.00', '0.00', NULL, 'A Vencer'),
(395, 10, '1232.83', 6, NULL, 138, 10, '2026-03-25', 1, '0.00', '0.00', NULL, 'A Vencer'),
(396, 1, '721.39', 5, NULL, 139, 1, '2026-06-24', NULL, '0.00', '0.00', NULL, 'A Vencer'),
(397, 5, '1018.02', 6, NULL, 140, 1, '2025-06-25', 1, '0.00', '0.00', NULL, 'Pago'),
(398, 5, '1018.02', 6, NULL, 140, 2, '2025-07-25', 1, '0.00', '0.00', NULL, 'Pago'),
(399, 5, '1018.02', 6, NULL, 140, 3, '2025-08-25', 1, '0.00', '0.00', NULL, 'A Vencer'),
(400, 5, '1018.02', 6, NULL, 140, 4, '2025-09-25', 1, '0.00', '0.00', NULL, 'A Vencer'),
(401, 5, '1018.02', 6, NULL, 140, 5, '2025-10-25', 1, '0.00', '0.00', NULL, 'A Vencer'),
(402, 1, '226.71', 13, NULL, 141, 1, '2025-06-24', NULL, '0.00', '0.00', NULL, 'Pago'),
(403, 1, '17432.44', 13, NULL, 142, 1, '2025-06-24', NULL, '0.00', '0.00', NULL, 'Pago'),
(404, 1, '810.00', 13, NULL, 143, 1, '2025-06-24', NULL, '0.00', '0.00', NULL, 'Pago'),
(405, 1, '29004.50', 3, NULL, 144, 1, '2025-07-28', 1, '0.00', '0.00', NULL, 'Pago'),
(406, 1, '10495.62', 5, NULL, 145, 1, '2025-07-27', 1, '0.00', '0.00', NULL, 'Pago'),
(407, 10, '2610.00', 7, NULL, 146, 1, '2024-12-20', 5, '0.00', '0.00', NULL, 'Pago'),
(408, 10, '2610.00', 7, NULL, 146, 2, '2025-01-20', 5, '0.00', '0.00', NULL, 'Pago'),
(409, 10, '2610.00', 7, NULL, 146, 3, '2025-02-20', 5, '0.00', '0.00', NULL, 'Pago'),
(410, 10, '2610.00', 7, NULL, 146, 4, '2025-03-20', 5, '0.00', '0.00', NULL, 'Pago'),
(411, 10, '2610.00', 7, NULL, 146, 5, '2025-04-20', 5, '0.00', '0.00', NULL, 'Pago'),
(412, 10, '2610.00', 7, NULL, 146, 6, '2025-05-20', 5, '0.00', '0.00', NULL, 'Pago'),
(413, 10, '2610.00', 7, NULL, 146, 7, '2025-06-20', 5, '0.00', '0.00', NULL, 'Pago'),
(414, 10, '2610.00', 7, NULL, 146, 8, '2025-07-20', 5, '0.00', '0.00', NULL, 'Pago'),
(415, 10, '2610.00', 7, NULL, 146, 9, '2025-08-20', 5, '0.00', '0.00', NULL, 'Vencido'),
(416, 10, '2610.00', 7, NULL, 146, 10, '2025-09-20', 5, '0.00', '0.00', NULL, 'A Vencer'),
(417, 6, '3466.67', 5, NULL, 147, 1, '2025-07-11', 1, '0.00', '0.00', NULL, 'Pago'),
(418, 6, '3466.67', 5, NULL, 147, 2, '2025-08-11', 1, '0.00', '0.00', NULL, 'Vencido'),
(419, 6, '3466.67', 5, NULL, 147, 3, '2025-09-11', 1, '0.00', '0.00', NULL, 'A Vencer'),
(420, 6, '3466.67', 5, NULL, 147, 4, '2025-10-11', 1, '0.00', '0.00', NULL, 'A Vencer'),
(421, 6, '3466.67', 5, NULL, 147, 5, '2025-11-11', 1, '0.00', '0.00', NULL, 'A Vencer'),
(422, 6, '3466.67', 5, NULL, 147, 6, '2025-12-11', 1, '0.00', '0.00', NULL, 'A Vencer'),
(423, 6, '14166.67', 5, NULL, 148, 1, '2025-07-26', 6, '0.00', '0.00', NULL, 'Pago'),
(424, 6, '14166.67', 5, NULL, 148, 2, '2025-08-26', 6, '0.00', '0.00', NULL, 'A Vencer'),
(425, 6, '14166.67', 5, NULL, 148, 3, '2025-09-26', 6, '0.00', '0.00', NULL, 'A Vencer'),
(426, 6, '14166.67', 5, NULL, 148, 4, '2025-10-26', 6, '0.00', '0.00', NULL, 'A Vencer'),
(427, 6, '14166.67', 5, NULL, 148, 5, '2025-11-26', 6, '0.00', '0.00', NULL, 'A Vencer'),
(428, 6, '14166.67', 5, NULL, 148, 6, '2025-12-26', 6, '0.00', '0.00', NULL, 'A Vencer'),
(429, 6, '14166.67', 14, NULL, 149, 1, '2025-07-26', 5, '0.00', '0.00', NULL, 'Pago'),
(430, 6, '14166.67', 14, NULL, 149, 2, '2025-08-26', 5, '0.00', '0.00', NULL, 'A Vencer'),
(431, 6, '14166.67', 14, NULL, 149, 3, '2025-09-26', 5, '0.00', '0.00', NULL, 'A Vencer'),
(432, 6, '14166.67', 14, NULL, 149, 4, '2025-10-26', 5, '0.00', '0.00', NULL, 'A Vencer'),
(433, 6, '14166.67', 14, NULL, 149, 5, '2025-11-26', 5, '0.00', '0.00', NULL, 'A Vencer'),
(434, 6, '14166.67', 14, NULL, 149, 6, '2025-12-26', 5, '0.00', '0.00', NULL, 'A Vencer'),
(435, 5, '16400.00', 5, NULL, 150, 1, '2025-07-28', 6, '0.00', '0.00', NULL, 'Pago'),
(436, 5, '16400.00', 5, NULL, 150, 2, '2025-08-28', 6, '0.00', '0.00', NULL, 'A Vencer'),
(437, 5, '16400.00', 5, NULL, 150, 3, '2025-09-28', 6, '0.00', '0.00', NULL, 'A Vencer'),
(438, 5, '16400.00', 5, NULL, 150, 4, '2025-10-28', 6, '0.00', '0.00', NULL, 'A Vencer'),
(439, 5, '16400.00', 5, NULL, 150, 5, '2025-11-28', 6, '0.00', '0.00', NULL, 'A Vencer'),
(440, 5, '16400.00', 15, NULL, 151, 1, '2025-07-28', 4, '0.00', '0.00', NULL, 'Pago'),
(441, 5, '16400.00', 15, NULL, 151, 2, '2025-08-28', 4, '0.00', '0.00', NULL, 'A Vencer'),
(442, 5, '16400.00', 15, NULL, 151, 3, '2025-09-28', 4, '0.00', '0.00', NULL, 'A Vencer'),
(443, 5, '16400.00', 15, NULL, 151, 4, '2025-10-28', 4, '0.00', '0.00', NULL, 'A Vencer'),
(444, 5, '16400.00', 15, NULL, 151, 5, '2025-11-28', 4, '0.00', '0.00', NULL, 'A Vencer'),
(445, 1, '133.12', 5, NULL, 153, 1, '2025-07-31', 1, '0.00', '0.00', NULL, 'Pago'),
(446, 1, '283.92', 5, NULL, 154, 1, '2025-07-17', 1, '0.00', '0.00', NULL, 'Pago'),
(447, 1, '24678.36', 6, NULL, 155, 1, '2025-07-15', 1, '0.00', '0.00', NULL, 'Pago'),
(449, 1, '731.02', 13, NULL, 158, 1, '2025-07-30', 1, '0.00', '0.00', NULL, 'Pago'),
(450, 3, '696.40', 3, NULL, 161, 1, '2025-07-21', 1, '0.00', '0.00', NULL, 'Pago'),
(451, 3, '696.40', 3, NULL, 161, 2, '2025-08-21', 1, '0.00', '0.00', NULL, 'Vencido'),
(452, 3, '696.40', 3, NULL, 161, 3, '2025-09-21', 1, '0.00', '0.00', NULL, 'A Vencer'),
(453, 1, '6000.00', 6, NULL, 162, 1, '2025-08-03', 1, '0.00', '0.00', NULL, 'Vencido'),
(454, 1, '378.00', 3, NULL, 163, 1, '2025-08-05', 1, '0.00', '0.00', NULL, 'Pago'),
(455, 3, '930.00', 5, NULL, 164, 1, '2025-07-28', 6, '0.00', '0.00', NULL, 'Pago'),
(456, 3, '930.00', 5, NULL, 164, 2, '2025-08-28', 6, '0.00', '0.00', NULL, 'A Vencer'),
(457, 3, '930.00', 5, NULL, 164, 3, '2025-09-28', 6, '0.00', '0.00', NULL, 'A Vencer'),
(458, 1, '115.84', 3, NULL, 165, 1, '2025-08-06', 1, '0.00', '0.00', NULL, 'Pago'),
(459, 1, '2190.00', 5, NULL, 167, 1, '2025-07-07', 6, '0.00', '0.00', NULL, 'Pago'),
(460, 2, '3200.00', 3, NULL, 171, 1, '2025-08-20', 1, '0.00', '0.00', NULL, 'Vencido'),
(461, 2, '3200.00', 3, NULL, 171, 2, '2025-09-20', 1, '0.00', '0.00', NULL, 'A Vencer'),
(462, 3, '9382.83', 6, NULL, 172, 1, '2025-08-20', 1, '0.00', '0.00', NULL, 'Pago'),
(463, 3, '9382.83', 6, NULL, 172, 2, '2025-09-20', 1, '0.00', '0.00', NULL, 'A Vencer'),
(464, 3, '9382.83', 6, NULL, 172, 3, '2025-10-20', 1, '0.00', '0.00', NULL, 'A Vencer'),
(465, 5, '14560.02', 3, NULL, 176, 1, '2025-10-10', 6, '0.00', '0.00', NULL, 'A Vencer'),
(466, 5, '14560.02', 3, NULL, 176, 2, '2025-11-10', 6, '0.00', '0.00', NULL, 'A Vencer'),
(467, 5, '14560.02', 3, NULL, 176, 3, '2025-12-10', 6, '0.00', '0.00', NULL, 'A Vencer'),
(468, 5, '14560.02', 3, NULL, 176, 4, '2026-01-10', 6, '0.00', '0.00', NULL, 'A Vencer'),
(469, 5, '14560.02', 3, NULL, 176, 5, '2026-02-10', 6, '0.00', '0.00', NULL, 'A Vencer'),
(470, 1, '1641.50', 6, NULL, 177, 1, '2025-08-14', 1, '0.00', '0.00', NULL, 'Pago'),
(471, 3, '46214.55', 16, NULL, 178, 1, '2025-07-25', 1, '0.00', '0.00', NULL, 'Pago'),
(472, 3, '46214.55', 16, NULL, 178, 2, '2025-08-25', 1, '0.00', '0.00', NULL, 'A Vencer'),
(473, 3, '46214.55', 16, NULL, 178, 3, '2025-09-25', 1, '0.00', '0.00', NULL, 'A Vencer'),
(474, 3, '46214.55', 13, NULL, 179, 1, '2025-07-25', 1, '0.00', '0.00', NULL, 'Pago'),
(475, 3, '46214.55', 13, NULL, 179, 2, '2025-08-25', 1, '0.00', '0.00', NULL, 'A Vencer'),
(476, 3, '46214.55', 13, NULL, 179, 3, '2025-09-25', 1, '0.00', '0.00', NULL, 'A Vencer'),
(477, 1, '630.00', 5, NULL, 180, 1, '2025-09-23', 1, '0.00', '0.00', NULL, 'A Vencer'),
(478, 1, '548.00', 3, NULL, 181, 1, '2025-09-20', 1, '0.00', '0.00', NULL, 'A Vencer'),
(479, 4, '1099.84', 6, NULL, 183, 1, '2025-08-29', 1, '0.00', '0.00', NULL, 'A Vencer'),
(480, 4, '1099.84', 6, NULL, 183, 2, '2025-09-29', 1, '0.00', '0.00', NULL, 'A Vencer'),
(481, 4, '1099.84', 6, NULL, 183, 3, '2025-10-29', 1, '0.00', '0.00', NULL, 'A Vencer'),
(482, 4, '1099.84', 6, NULL, 183, 4, '2025-11-29', 1, '0.00', '0.00', NULL, 'A Vencer'),
(483, 6, '2666.67', 5, NULL, 184, 1, '2025-08-06', 1, '0.00', '0.00', NULL, 'Pago'),
(484, 6, '2666.67', 5, NULL, 184, 2, '2025-09-06', 1, '0.00', '0.00', NULL, 'A Vencer'),
(485, 6, '2666.67', 5, NULL, 184, 3, '2025-10-06', 1, '0.00', '0.00', NULL, 'A Vencer'),
(486, 6, '2666.67', 5, NULL, 184, 4, '2025-11-06', 1, '0.00', '0.00', NULL, 'A Vencer'),
(487, 6, '2666.67', 5, NULL, 184, 5, '2025-12-06', 1, '0.00', '0.00', NULL, 'A Vencer'),
(488, 6, '2666.67', 5, NULL, 184, 6, '2026-01-06', 1, '0.00', '0.00', NULL, 'A Vencer'),
(489, 1, '1773.92', 3, NULL, 185, 1, '2025-09-07', 1, '0.00', '0.00', NULL, 'A Vencer'),
(490, 1, '240.00', 3, NULL, 186, 1, '2025-10-01', 1, '0.00', '0.00', NULL, 'A Vencer'),
(493, 1, '428.74', 3, NULL, 188, 1, '2025-08-10', 1, '0.00', '0.00', NULL, 'Vencido'),
(494, 1, '1641.50', 6, NULL, 189, 1, '2025-08-14', 1, '0.00', '0.00', NULL, 'Pago'),
(495, 1, '4000.00', 6, NULL, 191, 1, '2025-08-19', 1, '0.00', '0.00', NULL, 'Vencido'),
(496, 4, '1250.00', 5, NULL, 193, 1, '2025-07-14', 1, '0.00', '0.00', NULL, 'Pago'),
(497, 4, '1250.00', 5, NULL, 193, 2, '2025-08-14', 1, '0.00', '0.00', NULL, 'Pago'),
(498, 4, '1250.00', 5, NULL, 193, 3, '2025-09-14', 1, '0.00', '0.00', NULL, 'A Vencer'),
(499, 4, '1250.00', 5, NULL, 193, 4, '2025-10-14', 1, '0.00', '0.00', NULL, 'A Vencer'),
(500, 1, '844.77', 6, NULL, 194, 1, '2025-08-14', 1, '0.00', '0.00', NULL, 'Pago'),
(501, 2, '8000.00', 3, NULL, 195, 1, '2025-07-04', 1, '0.00', '0.00', NULL, 'Vencido'),
(502, 2, '8000.00', 3, NULL, 195, 2, '2025-08-04', 1, '0.00', '0.00', NULL, 'Vencido');

-- --------------------------------------------------------

--
-- Table structure for table `comissao`
--

CREATE TABLE `comissao` (
  `id_comissao` int(11) NOT NULL,
  `valor` decimal(5,2) NOT NULL
) ENGINE=InnoDB DEFAULT CHARSET=latin1 COLLATE=latin1_swedish_ci;

--
-- Dumping data for table `comissao`
--

INSERT INTO `comissao` (`id_comissao`, `valor`) VALUES
(1, '4.00'),
(2, '2.00'),
(3, '9.00'),
(4, '5.00'),
(5, '10.00'),
(6, '7.00');

-- --------------------------------------------------------

--
-- Table structure for table `custos`
--

CREATE TABLE `custos` (
  `id_custo` int(11) NOT NULL,
  `data` date NOT NULL,
  `id_funcionario` int(11) NOT NULL,
  `id_peca` int(11) NOT NULL,
  `ambiente` varchar(255) DEFAULT NULL,
  `id_materia` int(11) NOT NULL,
  `comp` decimal(10,2) DEFAULT NULL,
  `larg` decimal(10,2) DEFAULT NULL,
  `qntd` int(11) DEFAULT 1,
  `total` decimal(10,2) DEFAULT NULL,
  `vlrvenda` decimal(10,2) DEFAULT NULL,
  `vlrcompra` decimal(10,2) DEFAULT NULL
) ENGINE=InnoDB DEFAULT CHARSET=latin1 COLLATE=latin1_swedish_ci;

--
-- Dumping data for table `custos`
--

INSERT INTO `custos` (`id_custo`, `data`, `id_funcionario`, `id_peca`, `ambiente`, `id_materia`, `comp`, `larg`, `qntd`, `total`, `vlrvenda`, `vlrcompra`) VALUES
(1, '2024-11-01', 3, 14, 'Casa Gás', 2, '0.00', '0.00', 0, '1.68', '270.00', '90.00'),
(2, '2024-11-04', 1, 1, 'Banheiro', 135, '0.00', '0.00', 0, '0.10', '580.00', '90.00'),
(3, '2024-11-04', 11, 1, 'Cozinha', 211, '0.00', '0.00', 0, '5.92', '1600.00', '500.00'),
(4, '2024-11-04', 3, 14, 'Casa Gás', 1, '0.00', '0.00', 0, '1.81', '330.00', '90.00'),
(5, '2024-11-04', 3, 15, 'Area Gourmet', 211, '0.00', '0.00', 0, '4.86', '1522.00', '500.00');

-- --------------------------------------------------------

--
-- Table structure for table `funcionarios`
--

CREATE TABLE `funcionarios` (
  `id_funcionario` int(11) NOT NULL,
  `nome` varchar(255) NOT NULL,
  `status` tinyint(1) DEFAULT 1
) ENGINE=InnoDB DEFAULT CHARSET=latin1 COLLATE=latin1_swedish_ci;

--
-- Dumping data for table `funcionarios`
--

INSERT INTO `funcionarios` (`id_funcionario`, `nome`, `status`) VALUES
(1, 'Bruno Carnaúbia Moreira', 1),
(2, 'Dione Eduardo da Silva Azevedo', 1),
(3, 'Edvaldo Batista de Oliveira Júnior', 1),
(4, 'Eliezer Gabe Santana', 1),
(5, 'Erivaldo de Oliveira Silva', 1),
(6, 'Fábio Gomes dos Santos', 1),
(7, 'Joacil Azevedo Medeiros', 1),
(8, 'Jonathan Davison Souza de Melo', 1),
(9, 'Somente Corte em Serra', 1),
(10, 'Silvio', 1),
(11, 'Carlos Roberto Fernandes', 1),
(12, 'Daniel', 1);

-- --------------------------------------------------------

--
-- Table structure for table `materia_prima`
--

CREATE TABLE `materia_prima` (
  `id_materia` int(11) NOT NULL,
  `nome` text NOT NULL
) ENGINE=InnoDB DEFAULT CHARSET=latin1 COLLATE=latin1_swedish_ci;

--
-- Dumping data for table `materia_prima`
--

INSERT INTO `materia_prima` (`id_materia`, `nome`) VALUES
(1, 'ARDÓSIA BIPOLIDA'),
(2, 'ARDÓSIA POLIDA'),
(3, 'ARDÓSIA POLIDA'),
(4, 'ARDÓSIA POLIDA'),
(5, 'CARVÃO BOSH EMERILHADEIRA ( LIXADEIRA )'),
(6, 'CARVÃO BOSH SERRA MARMORE (MAKITA)'),
(7, 'DOLOMÍTICO ARABESCATU LUNAR'),
(8, 'DOLOMÍTICO BIANCATTO'),
(9, 'DOLOMÍTICO BIANCATTO - ESCOVADO'),
(10, 'DOLOMÍTICO BRANCO PARANÁ ALBA WHITE'),
(11, 'DOLOMÍTICO BRANCO PARANÁ ALBA WHITE'),
(12, 'DOLOMÍTICO BRANCO PARANÁ ALBA WHITE'),
(13, 'DOLOMÍTICO BRANCO PARANÁ ALBA WHITE'),
(14, 'DOLOMÍTICO CALACATA MATARAZZO (BRANCO PARANÁ)'),
(15, 'DOLOMÍTICO CALACATTA MATTERHORN'),
(16, 'DOLOMÍTICO CALACATTA MATTERHORN'),
(17, 'DOLOMÍTICO CALACATTA MATTERHORN'),
(18, 'DOLOMÍTICO CALACATTA MATTERHORN'),
(19, 'DOLOMÍTICO MICHELANGELO NUVOLATO'),
(20, 'DOLOMÍTICO MICHELANGELO NUVOLATO - ESCOVADO'),
(21, 'DOLOMÍTICO MONT SERRAT ESCOVADO'),
(22, 'DOLOMÍTICO MONT SERRAT ESCOVADO'),
(23, 'DOLOMÍTICO MONT SERRAT ESCOVADO'),
(24, 'DOLOMÍTICO MONT SERRAT ESCOVADO'),
(25, 'DOLOMÍTICO MONT SERRAT ESCOVADO'),
(26, 'FITA AUTOADESIVA PARA JUNTAS'),
(27, 'FITA ISOLANTE 20M'),
(28, 'Graninto Preto São Gabriel - Escovado ( GRANDE )'),
(29, 'GRANITO AMARELO CRISTALINO'),
(30, 'GRANITO AMARELO ORNAMENTAL'),
(31, 'GRANITO BLACK MOTION'),
(32, 'GRANITO BLACK MOTION'),
(33, 'GRANITO BRANCO ACQUA MARINE - ESCOVADO'),
(34, 'GRANITO BRANCO ACQUA MARINE- ESCOVADO'),
(35, 'GRANITO BRANCO ARABESCO'),
(36, 'GRANITO BRANCO CEARÁ'),
(37, 'GRANITO BRANCO CEARÁ'),
(38, 'GRANITO BRANCO DALLAS'),
(39, 'GRANITO BRANCO ITAÚNAS'),
(40, 'GRANITO BRANCO ITAÚNAS - BIPOLIDO'),
(41, 'GRANITO BRANCO ITAÚNAS - ESCOVADO'),
(42, 'GRANITO BRANCO ITAÚNAS - ESCOVADO'),
(43, 'GRANITO BRANCO PORTINARI'),
(44, 'GRANITO BRANCO PORTINARI'),
(45, 'GRANITO BRANCO SIENA'),
(46, 'GRANITO BRANCO SIENA - BIPOLIDO'),
(47, 'GRANITO BRANCO SIENA - ESCOVADO'),
(48, 'GRANITO BRANCO WHITE DUNE ESCOVADO'),
(49, 'GRANITO CAFÉ IMPERIAL'),
(50, 'GRANITO CAFÉ IMPERIAL - BIPOLIDA'),
(51, 'GRANITO CAFÉ IMPERIAL - BIPOLIDA'),
(52, 'GRANITO CAFÉ IMPERIAL - ESCOVADO'),
(53, 'GRANITO CINZA ABSOLUTO'),
(54, 'GRANITO CINZA ABSOLUTO ESCOVADO'),
(55, 'GRANITO CINZA ABSOLUTO ESCOVADO'),
(56, 'GRANITO CINZA ANDORINHA'),
(57, 'GRANITO CINZA ANDORINHA - BIPOLIDO'),
(58, 'GRANITO CINZA ANDORINHA – ESCOVADO'),
(59, 'GRANITO CINZA ANDORINHA – FLAMEADO'),
(60, 'GRANITO CINZA ANDORINHA – FLAMEADO'),
(61, 'GRANITO CINZA ANDORINHA – FLAMEADO'),
(62, 'GRANITO CINZA ANDORINHA – FLAMEADO'),
(63, 'GRANITO CINZA ANDORINHA – LEVIGADO'),
(64, 'GRANITO CINZA ANDORINHA – LEVIGADO'),
(65, 'GRANITO CINZA ANDORINHA – LEVIGADO'),
(66, 'GRANITO CINZA ANDORINHA – LEVIGADO'),
(67, 'GRANITO CINZA CASTELO ESCOVADO'),
(68, 'GRANITO CINZA CASTELO ESCOVADO'),
(69, 'GRANITO CINZA CORUMBÁ'),
(70, 'GRANITO CINZA CORUMBÁ - BIPOLIDO'),
(71, 'GRANITO CINZA IPANEMA'),
(72, 'GRANITO CINZA OCRE'),
(73, 'GRANITO CINZA OCRE - ESCOVADO'),
(74, 'GRANITO CINZA OCRE BIPOLIDO'),
(75, 'GRANITO CINZA OCRE BIPOLIDO'),
(76, 'GRANITO COPENHAGEN'),
(77, 'GRANITO EXTREME WHITE (BRANCO PITAYA)'),
(78, 'GRANITO MARROM ABSOLUTO'),
(79, 'GRANITO MARROM TABACO'),
(80, 'GRANITO PRETO ABSOLUTO'),
(81, 'GRANITO PRETO ABSOLUTO ESCOVADO'),
(82, 'GRANITO PRETO ABSOLUTO ESCOVADO'),
(83, 'GRANITO PRETO BRASIL - ESCOVADO'),
(84, 'GRANITO PRETO INDIANO'),
(85, 'GRANITO PRETO NEGRESCO'),
(86, 'GRANITO PRETO NEGRESCO ESCOVADO'),
(87, 'GRANITO PRETO NEGRESCO ESCOVADO'),
(88, 'GRANITO PRETO SÃO GABRIEL - APICOADO ESCOVADO'),
(89, 'GRANITO PRETO SÃO GABRIEL - APICOADO ESCOVADO'),
(90, 'GRANITO PRETO SÃO GABRIEL - BI-ESCOVADO'),
(91, 'GRANITO PRETO SÃO GABRIEL - BI-ESCOVADO'),
(92, 'GRANITO PRETO SÃO GABRIEL - BIPOLIDO'),
(93, 'GRANITO PRETO SÃO GABRIEL - ESCOVADO'),
(94, 'GRANITO PRETO SÃO GABRIEL - FLAMEADO E ESCOVADO'),
(95, 'GRANITO PRETO SÃO GABRIEL - FLAMEADO E ESCOVADO'),
(96, 'GRANITO PRETO SÃO GABRIEL - LEVIGADO'),
(97, 'GRANITO PRETO SÃO GABRIEL - LEVIGADO'),
(98, 'GRANITO PRETO SÃO GABRIEL EXTRA'),
(99, 'GRANITO PRETO SÃO GABRIEL STANDARD'),
(100, 'GRANITO PRETO SÃO GABRIEL STANDARD'),
(101, 'GRANITO PRETO SÃO GABRIEL STANDARD'),
(102, 'GRANITO PRETO SÃO GABRIEL STANDARD PEQUENO'),
(103, 'GRANITO PRETO SEMI ABSOLUTO'),
(104, 'GRANITO PRETO SEMI ABSOLUTO ESCOVADO'),
(105, 'GRANITO PRETO SEMI ABSOLUTO ESCOVADO'),
(106, 'GRANITO PRETO VIA LÁCTEA'),
(107, 'GRANITO PRETO VIA LÁCTEA - BIPOLIDA'),
(108, 'GRANITO PRETO VIA LÁCTEA - BIPOLIDA'),
(109, 'GRANITO PRETO VIA LÁCTEA - ESCOVADO'),
(110, 'GRANITO SIBERIA - TRATAMENTO SENSA'),
(111, 'GRANITO SIBERIA - TRATAMENTO SENSA'),
(112, 'GRANITO SILVER GRAY'),
(113, 'GRANITO VERDE PÉROLA'),
(114, 'GRANITO VERDE PÉROLA - BIPOLIDO'),
(115, 'GRANITO VERDE PÉROLA ESCOVADO'),
(116, 'GRANITO VERDE PÉROLA ESCOVADO'),
(117, 'GRANITO VERDE PÉROLA ESCOVADO'),
(118, 'GRANITO VERDE PÉROLA ESCOVADO'),
(119, 'GRANITO VERDE UBATUBA'),
(120, 'GRANITO VERDE UBATUBA'),
(121, 'GRANITO VERMELHO BRASILIA'),
(122, 'GRANITO VERMELHO BRASILIA'),
(123, 'GRANITO WHITE DUNE'),
(124, 'LADRILHOS EM XISTO MATRIX'),
(125, 'LADRILHOS EM XISTO MATRIX'),
(126, 'LIMESTONE MOCA CREME SAINT REMY'),
(127, 'MÁRMORE BEGE BAHIA'),
(128, 'MÁRMORE BEGE BAHIA - APICOADO'),
(129, 'MÁRMORE BEGE BAHIA - LEVIGADO'),
(130, 'MÁRMORE BEGE BAHIA ESCOVADO (IMPERMEABILIZADO)'),
(131, 'MÁRMORE BEGE BOTTICINO'),
(132, 'MÁRMORE BEGE BOTTICINO'),
(133, 'MÁRMORE BEGE CREMA MARFIL'),
(134, 'MÁRMORE BRANCO CARRARA GIÓIA'),
(135, 'MÁRMORE BRANCO CARRARINHA'),
(136, 'MÁRMORE BRANCO COMUM PINTA VERDE'),
(137, 'MÁRMORE BRANCO MOURA'),
(138, 'MÁRMORE BRANCO MOURA'),
(139, 'MÁRMORE BRANCO VENATO SUPREME (BRANCO EXTRA)'),
(140, 'MÁRMORE DOLOMÍTICO BLUE MARE'),
(141, 'MÁRMORE DOLOMÍTICO BRANCO PARANÁ (VITALINO 1 COMPRA )'),
(142, 'MÁRMORE DOLOMÍTICO CALACATA GOLD'),
(143, 'MÁRMORE DOLOMÍTICO CALACATA VENATO'),
(144, 'MÁRMORE DOLOMÍTICO CALACATA VENATO'),
(145, 'MÁRMORE DOLOMÍTICO CALACATA VENATO'),
(146, 'MÁRMORE DOLOMÍTICO CALACATA VENATO'),
(147, 'MÁRMORE DOLOMÍTICO MICHELANGELO (BRANCO PARANÁ)'),
(148, 'MÁRMORE DOLOMÍTICO MILANO ESCOVADO'),
(149, 'MÁRMORE DOLOMÍTICO MILANO ESCOVADO'),
(150, 'MÁRMORE GRAY ARMANI'),
(151, 'MÁRMORE MARROM IMPERADOR ESPANHOL'),
(152, 'MÁRMORE NERO MAQUINA'),
(153, 'MÁRMORE TRAVERTINO ICE ARAMANI DARK'),
(154, 'MÁRMORE TRAVERTINO ICE ARAMANI DARK'),
(155, 'MÁRMORE TRAVERTINO LADRILHOS (ROCK FACE)'),
(156, 'MÁRMORE TRAVERTINO NAVONA POLIDO'),
(157, 'MÁRMORE TRAVERTINO ROMANO RÚSTICO/BRUTO'),
(158, 'MÁRMORE TRAVERTINO ROMANO RÚSTICO/BRUTO - PISO'),
(159, 'MÁRMORE VERDE GUATEMALA'),
(160, 'NANOGLASS'),
(161, 'ONIX BRANCO CRISTALLO'),
(162, 'ONIX BRANCO INDUSTRIALIZADO'),
(163, 'PINO FÊMEA'),
(164, 'PINO MACHO'),
(165, 'PRIME - MÁRMORE ARTIFICIAL BEGE PRIME'),
(166, 'PRIME - MÁRMORE ARTIFICIAL BRANCO CALACATA PRIME'),
(167, 'PRIME - MÁRMORE ARTIFICIAL BRANCO PRIME'),
(168, 'PRIME - MÁRMORE ARTIFICIAL CINZA PRIME'),
(169, 'QUARTZITO ACAYACA WHITE'),
(170, 'QUARTZITO BEGE KALAHARI'),
(171, 'QUARTZITO BIANCO SUPERIORE'),
(172, 'QUARTZITO BIANCO SUPERIORE - ESCOVADO'),
(173, 'QUARTZITO CINZA VENON'),
(174, 'QUARTZITO DA VINCI'),
(175, 'QUARTZITO DAKAR (TRATAMENTO SENSA)'),
(176, 'QUARTZITO DENALI'),
(177, 'QUARTZITO DENALI'),
(178, 'QUARTZITO DENALI - ESCOVADO'),
(179, 'QUARTZITO EMERALD GREEN'),
(180, 'QUARTZITO EMERALD GREEN'),
(181, 'QUARTZITO EMERALD GREEN - ESCOVADO'),
(182, 'QUARTZITO EMERALD GREEN - ESCOVADO'),
(183, 'QUARTZITO GALAXY ESCOVADO'),
(184, 'QUARTZITO JADORE'),
(185, 'QUARTZITO JADORE'),
(186, 'QUARTZITO KOUROS BLACK ESCOVADO'),
(187, 'QUARTZITO KOUROS BLACK ESCOVADO'),
(188, 'QUARTZITO KOUROS BLACK ESCOVADO'),
(189, 'QUARTZITO KOUROS BLACK ESCOVADO'),
(190, 'QUARTZITO KOUROS BLACK ESCOVADO'),
(191, 'QUARTZITO MACALLÁN - TRATAMENTO SENSA'),
(192, 'QUARTZITO MACALLÁN - TRATAMENTO SENSA'),
(193, 'QUARTZITO MADRE PÉROLA'),
(194, 'QUARTZITO MADRE PÉROLA ESCOVADO'),
(195, 'QUARTZITO MADRE PÉROLA ESCOVADO'),
(196, 'QUARTZITO MADRE PÉROLA FLAMEADO RIPADO'),
(197, 'QUARTZITO MADRE PÉROLA FLAMEADO RIPADO'),
(198, 'QUARTZITO MADRE PÉROLA FLAMEADO RIPADO'),
(199, 'QUARTZITO MADRE PÉROLA FLAMEADO RIPADO'),
(200, 'QUARTZITO MADRE PÉROLA FLAMEADO RIPADO'),
(201, 'QUARTZITO MAESTRO'),
(202, 'QUARTZITO MARRON CABERNET'),
(203, 'QUARTZITO MONT BLANC'),
(204, 'QUARTZITO MONT BLANC - ESCOVADO'),
(205, 'QUARTZITO MONT BLANC (PEQUENO)'),
(206, 'QUARTZITO OCEAN BLUE'),
(207, 'QUARTZITO PERLATO'),
(208, 'QUARTZITO PERLATO'),
(209, 'QUARTZITO PRETO NEGRESCO'),
(210, 'QUARTZITO PRETO NEGRESCO'),
(211, 'QUARTZITO TAJ MAHAL'),
(212, 'QUARTZITO TAJ MAHAL (ANDRÉ)'),
(213, 'QUARTZITO TAJ MAHAL ACABAMENTO RIPADO'),
(214, 'QUARTZITO TAJ MAHAL ACABAMENTO RIPADO'),
(215, 'QUARTZITO TAJMAHAL ESCOVADO'),
(216, 'QUARTZITO TAJMAHAL ESCOVADO'),
(217, 'QUARTZITO TAJMAHAL ESCOVADO'),
(218, 'QUARTZITO TAJMAHAL ESCOVADO'),
(219, 'QUARTZITO VANCOUVER (TRATAMENTO SENSA)'),
(220, 'QUARTZITO VENA ORO - TRATAMENTO SENSA'),
(221, 'QUARTZITO VENA ORO - TRATAMENTO SENSA'),
(222, 'QUARTZITO VERMELHO XANGÔ'),
(223, 'QUARTZITO VITÓRIA RÉGIA'),
(224, 'QUARTZITO WAKANDA'),
(225, 'QUARTZO BEGE ATACAMA'),
(226, 'QUARTZO BEGE ROYAL'),
(227, 'QUARTZO BRANCO CARRARA'),
(228, 'QUARTZO BRANCO CARRARA'),
(229, 'QUARTZO BRANCO INTENSE WHITE'),
(230, 'QUARTZO BRANCO NORTE'),
(231, 'QUARTZO BRANCO STELLAR'),
(232, 'QUARTZO CALACATA'),
(233, 'QUARTZO CALACATA BELLO'),
(234, 'QUARTZO CALACATA ORO'),
(235, 'QUARTZO CINZA KENSHO'),
(236, 'QUARTZO CLASSIC BROWN'),
(237, 'QUARTZO CLASSIC BROWN'),
(238, 'QUARTZO CLASSIC GRAY'),
(239, 'QUARTZO CLASSIC VANILLA'),
(240, 'QUARTZO DIAMOND STONE CALACATA ORO'),
(241, 'QUARTZO DIAMOND STONE CALACATA ORO'),
(242, 'QUARTZO DIAMOND STONE CEMENTO GRAIN DARK SILVER'),
(243, 'QUARTZO DIAMOND STONE SUPER WHITE'),
(244, 'QUARTZO DIAMOND STONE SUPER WHITE'),
(245, 'QUARTZO FENDI'),
(246, 'QUARTZO FENDI'),
(247, 'QUARTZO GRAIN BEGE'),
(248, 'QUARTZO GRAIN CASHIMIR'),
(249, 'QUARTZO GRAIN SNOW'),
(250, 'QUARTZO GRAIN SNOW'),
(251, 'QUARTZO GRIS EXPO'),
(252, 'QUARTZO GRIS EXPO'),
(253, 'QUARTZO INFINITY GRAY'),
(254, 'QUARTZO MARROM TAUPE'),
(255, 'QUARTZO NERO'),
(256, 'QUARTZO NERO'),
(257, 'QUARTZO NERO'),
(258, 'QUARTZO PURE PURPLE'),
(259, 'QUARTZO SILESTONE BLANCO MAPLE'),
(260, 'QUARTZO SILESTONE BLANCO MAPLE'),
(261, 'QUARTZO SILESTONE BLANCO MAPLE'),
(262, 'QUARTZO SILESTONE BLANCO MAPLE'),
(263, 'QUARTZO SILESTONE BLANCO MAPLE'),
(264, 'QUARTZO SILESTONE BLANCO ZEUS'),
(265, 'QUARTZO SILESTONE BLANCO ZEUS'),
(266, 'QUARTZO SILESTONE BLANCO ZEUS'),
(267, 'QUARTZO SILESTONE BLANCO ZEUS'),
(268, 'QUARTZO SILESTONE CAMDEN'),
(269, 'QUARTZO SILESTONE CEMENTO SPA'),
(270, 'QUARTZO SILESTONE CEMENTO SPA'),
(271, 'QUARTZO SILESTONE CHARCOAL SOAPSTONE'),
(272, 'QUARTZO SILESTONE CHARCOAL SOAPSTONE'),
(273, 'QUARTZO SILESTONE CINCEL GREY'),
(274, 'QUARTZO SILESTONE CINZA KENSHO'),
(275, 'QUARTZO SILESTONE CINZA KENSHO'),
(276, 'QUARTZO SILESTONE CORAL CLAY'),
(277, 'QUARTZO SILESTONE DESERT SILVER'),
(278, 'QUARTZO SILESTONE DESERT SILVER'),
(279, 'QUARTZO SILESTONE ETERNAL CALACATTA GOLD'),
(280, 'QUARTZO SILESTONE ETERNAL STATUARIO'),
(281, 'QUARTZO SILESTONE ETERNAL STATUARIO'),
(282, 'QUARTZO SILESTONE ETHEREAL GLOW'),
(283, 'QUARTZO SILESTONE FARO WHITE'),
(284, 'QUARTZO SILESTONE GRIS EXPO'),
(285, 'QUARTZO SILESTONE GRIS EXPO'),
(286, 'QUARTZO SILESTONE LAGOON'),
(287, 'QUARTZO SILESTONE MARENGO SUEDE'),
(288, 'QUARTZO SILESTONE MARENGO SUEDE'),
(289, 'QUARTZO SILESTONE MIAMI VENA'),
(290, 'QUARTZO SILESTONE MIAMI VENA'),
(291, 'QUARTZO SILESTONE MIAMI WHITE'),
(292, 'QUARTZO SILESTONE NIEBLA'),
(293, 'QUARTZO SILESTONE NIEBLA'),
(294, 'QUARTZO SILESTONE NOKA'),
(295, 'QUARTZO SILESTONE NOKA'),
(296, 'QUARTZO SILESTONE NOKA'),
(297, 'QUARTZO SILESTONE NOKA'),
(298, 'QUARTZO SILESTONE PEARL JASMINE'),
(299, 'QUARTZO SILESTONE PEARL JASMINE'),
(300, 'QUARTZO SILESTONE ROUGI LENA'),
(301, 'QUARTZO SILESTONE ROUGI LENA'),
(302, 'QUARTZO SILESTONE ROYAL REEF'),
(303, 'QUARTZO SILESTONE ROYAL REEF'),
(304, 'QUARTZO SILESTONE SEAPORT'),
(305, 'QUARTZO SILESTONE SEAPORT'),
(306, 'QUARTZO SILESTONE TEBAS BLACK'),
(307, 'QUARTZO SILESTONE TEBAS BLACK'),
(308, 'QUARTZO SILESTONE WHITE STORM'),
(309, 'QUARTZO SILESTONE WHITE STORM'),
(310, 'QUARTZO SILESTONE WHITE STORM'),
(311, 'QUARTZO SILESTONE YUKON'),
(312, 'QUARTZO UNSUI (COFFEE)'),
(313, 'QUARTZO VENATINO GUIDONI'),
(314, 'RESINA CRISTAL 2KL'),
(315, 'REVESTIENTO COLISEU BEGE RÚSTICO'),
(316, 'REVESTIMENTO PAREDE PEDRA MOLEDO CHAMPANHE'),
(317, 'REVESTIMENTO PAREDE TRAVERTINO BEGE BAHIA LEVIGADO'),
(318, 'SERRA DIAMANTADA 250MM (45°)'),
(319, 'TESTE'),
(320, 'TIJOLINHO NATURAL ANTIQUATO BRICK - ACABAMENTO ROCK FACE'),
(321, 'ULTRA COMPACTO DEKTON - KOVIC'),
(322, 'ULTRA COMPACTO DEKTON - KOVIC'),
(323, 'ULTRA COMPACTO DEKTON - KOVIC'),
(324, 'ULTRA COMPACTO DEKTON - KOVIC'),
(325, 'ULTRA COMPACTO DEKTON - KOVIC'),
(326, 'ULTRA COMPACTO DEKTON - KOVIC'),
(327, 'ULTRA COMPACTO DEKTON - KOVIC'),
(328, 'ULTRA COMPACTO DEKTON - REM'),
(329, 'ULTRA COMPACTO DEKTON - REM'),
(330, 'ULTRA COMPACTO DEKTON - REM'),
(331, 'Ultracompacto -Dekton STRATO'),
(332, 'ULTRACOMPACTO BEGE BOTICCINO'),
(333, 'ULTRACOMPACTO BEGE BOTICCINO'),
(334, 'ULTRACOMPACTO BRANCO CALACATA GOLD'),
(335, 'ULTRACOMPACTO BRANCO CALACATA WHITE'),
(336, 'ULTRACOMPACTO BRANCO STATUÁRIO - FOSCO'),
(337, 'ULTRACOMPACTO BRANCO SUPER WHITE - FOSCO'),
(338, 'ULTRACOMPACTO BRANCO SUPER WHITE - POLIDA'),
(339, 'ULTRACOMPACTO BRONZE ARMAN - FOSCO'),
(340, 'ULTRACOMPACTO BRONZE ARMAN - POLIDO'),
(341, 'ULTRACOMPACTO BRONZE ARMAN - POLIDO'),
(342, 'ULTRACOMPACTO CALACATA ORO RAVELLO'),
(343, 'ULTRACOMPACTO CALACATA ORO RAVELLO'),
(344, 'ULTRACOMPACTO CEMENT POMPEI'),
(345, 'ULTRACOMPACTO CINZA PIETRA CAJUGRAY - POLIDA'),
(346, 'ULTRACOMPACTO CINZA PIETRA CAJUGRAY - POLIDA'),
(347, 'ULTRACOMPACTO CLASSIC GRAY'),
(348, 'ULTRACOMPACTO CLASSIC GRAY'),
(349, 'ULTRACOMPACTO CORTEN'),
(350, 'ULTRACOMPACTO CORTEN'),
(351, 'ULTRACOMPACTO CORTEN'),
(352, 'ULTRACOMPACTO CORTEN'),
(353, 'ULTRACOMPACTO DEKTON AERIS NATURAL'),
(354, 'ULTRACOMPACTO DEKTON ARGENTINUM'),
(355, 'ULTRACOMPACTO DEKTON ARGENTINUM'),
(356, 'ULTRACOMPACTO DEKTON AURA'),
(357, 'ULTRACOMPACTO DEKTON AWAKE'),
(358, 'ULTRACOMPACTO DEKTON AWAKE'),
(359, 'ULTRACOMPACTO DEKTON AWAKE'),
(360, 'ULTRACOMPACTO DEKTON CIROCCO'),
(361, 'ULTRACOMPACTO DEKTON DAZE'),
(362, 'ULTRACOMPACTO DEKTON DAZE'),
(363, 'ULTRACOMPACTO DEKTON EDORA'),
(364, 'ULTRACOMPACTO DEKTON EDORA'),
(365, 'ULTRACOMPACTO DEKTON HALO'),
(366, 'ULTRACOMPACTO DEKTON HALO'),
(367, 'ULTRACOMPACTO DEKTON HALO'),
(368, 'ULTRACOMPACTO DEKTON HALO'),
(369, 'ULTRACOMPACTO DEKTON KELYA'),
(370, 'ULTRACOMPACTO DEKTON KELYA'),
(371, 'ULTRACOMPACTO DEKTON KELYA'),
(372, 'ULTRACOMPACTO DEKTON KOVIK'),
(373, 'ULTRACOMPACTO DEKTON KRETA NATURAL'),
(374, 'ULTRACOMPACTO DEKTON KRETA NATURAL'),
(375, 'ULTRACOMPACTO DEKTON KRETA NATURAL'),
(376, 'ULTRACOMPACTO DEKTON KRETA NATURAL'),
(377, 'ULTRACOMPACTO DEKTON KRETA NATURAL'),
(378, 'ULTRACOMPACTO DEKTON LAURENT'),
(379, 'ULTRACOMPACTO DEKTON LAURENT'),
(380, 'ULTRACOMPACTO DEKTON LUCID ONIRIKA'),
(381, 'ULTRACOMPACTO DEKTON LUNAR'),
(382, 'ULTRACOMPACTO DEKTON LUNAR'),
(383, 'ULTRACOMPACTO DEKTON LUNAR'),
(384, 'ULTRACOMPACTO DEKTON LUNAR'),
(385, 'ULTRACOMPACTO DEKTON MOONE'),
(386, 'ULTRACOMPACTO DEKTON MOONE'),
(387, 'ULTRACOMPACTO DEKTON MORPHEUS'),
(388, 'ULTRACOMPACTO DEKTON NEBU'),
(389, 'ULTRACOMPACTO DEKTON NILIUM'),
(390, 'ULTRACOMPACTO DEKTON NILIUN'),
(391, 'ULTRACOMPACTO DEKTON PIETRA KODE UVK02 AVÓRIO'),
(392, 'ULTRACOMPACTO DEKTON REM NATURAL'),
(393, 'ULTRACOMPACTO DEKTON REM NATURAL'),
(394, 'ULTRACOMPACTO DEKTON SASEA'),
(395, 'ULTRACOMPACTO DEKTON SASEA'),
(396, 'ULTRACOMPACTO DEKTON SASEA NATURAL'),
(397, 'ULTRACOMPACTO DEKTON SASEA NATURAL'),
(398, 'ULTRACOMPACTO DEKTON SIROCCO'),
(399, 'ULTRACOMPACTO DEKTON SIROCCO'),
(400, 'ULTRACOMPACTO DEKTON SOKE'),
(401, 'ULTRACOMPACTO DEKTON SOKE'),
(402, 'ULTRACOMPACTO DEKTON SOKE'),
(403, 'ULTRACOMPACTO DEKTON SOMNIA'),
(404, 'ULTRACOMPACTO DEKTON SOMNIA'),
(405, 'ULTRACOMPACTO DEKTON STRATO'),
(406, 'ULTRACOMPACTO DEKTON TRILIUM'),
(407, 'ULTRACOMPACTO DEKTON TRILIUM'),
(408, 'ULTRACOMPACTO DEKTON TUNDRA NATURAL'),
(409, 'ULTRACOMPACTO DEKTON UYUNI'),
(410, 'ULTRACOMPACTO DEKTON UYUNI'),
(411, 'ULTRACOMPACTO DEKTON ZENTUM'),
(412, 'ULTRACOMPACTO DEKTON ZENTUM'),
(413, 'ULTRACOMPACTO DEKTON ZETUM'),
(414, 'ULTRACOMPACTO DEKTON ZETUM'),
(415, 'ULTRACOMPACTO DEKTON ZETUM'),
(416, 'ULTRACOMPACTO DIAMOND ALTÍSSIMO LUCIDATO'),
(417, 'ULTRACOMPACTO DIAMOND ALTÍSSIMO LUCIDATO'),
(418, 'ULTRACOMPACTO DIAMOND FOKOS ROCCIA 12MM'),
(419, 'ULTRACOMPACTO DIAMOND FOKOS ROCCIA 6MM'),
(420, 'ULTRACOMPACTO DIAMOND NERO GRECO'),
(421, 'ULTRACOMPACTO DIAMOND STONE BIANCO ABSOLUTO'),
(422, 'ULTRACOMPACTO DIAMOND STONE BIANCO ABSOLUTO'),
(423, 'ULTRACOMPACTO DIAMOND STONE CALCE GRIGIO'),
(424, 'ULTRACOMPACTO DIAMOND STONE CALCE GRIGIO'),
(425, 'ULTRACOMPACTO DIAMOND STONE CALCE GRIGIO'),
(426, 'ULTRACOMPACTO DIAMOND STONE CREAM'),
(427, 'ULTRACOMPACTO DIAMOND STONE CREAM'),
(428, 'ULTRACOMPACTO DIAMOND STONE FOKOS ROCCIA'),
(429, 'ULTRACOMPACTO DIAMOND STONE FOKOS SALE'),
(430, 'ULTRACOMPACTO DIAMOND STONE FOKOS SALE'),
(431, 'ULTRACOMPACTO DIAMOND STONE MARMORINO ORO'),
(432, 'ULTRACOMPACTO DIAMOND STONE MARMORINO ORO'),
(433, 'ULTRACOMPACTO DIAMOND STONE MARMORINO ORO'),
(434, 'ULTRACOMPACTO DIAMOND STONE MARMORINO ORO'),
(435, 'ULTRACOMPACTO GRIS VENEZIA'),
(436, 'ULTRACOMPACTO GRIS VENEZIA'),
(437, 'ULTRACOMPACTO JUST WHITE 6MM'),
(438, 'ULTRACOMPACTO JUST WHITE 6MM'),
(439, 'ULTRACOMPACTO LA BOHÈME 12MM'),
(440, 'ULTRACOMPACTO NEOLITH JUST WHITE 6MM'),
(441, 'ULTRACOMPACTO NEOLITH LA BOHÈME 12MM'),
(442, 'ULTRACOMPACTO NEOLITH SHILIN 12MM'),
(443, 'ULTRACOMPACTO NERO MAQUINA - FOSCO'),
(444, 'ULTRACOMPACTO ONICE PERLATO MARMI CLASSIC 120x60 - POLIDA'),
(445, 'ULTRACOMPACTO ROYAL BOTICCINO'),
(446, 'ULTRACOMPACTO ROYAL BOTICCINO'),
(447, 'ULTRACOMPACTO SHILIN 12MM'),
(448, 'ULTRACOMPACTO TRAVERTINO NAVONA SOFT TOUCH'),
(449, 'QUARTZITO BRONZITE '),
(450, 'QUARTZITO IJEN BLUE'),
(451, 'QUARTZITO BLUE DEEP ESCOVADO');

-- --------------------------------------------------------

--
-- Table structure for table `pecas`
--

CREATE TABLE `pecas` (
  `id_peca` int(11) NOT NULL,
  `tipo` varchar(255) NOT NULL,
  `formapg` varchar(50) NOT NULL
) ENGINE=InnoDB DEFAULT CHARSET=latin1 COLLATE=latin1_swedish_ci;

--
-- Dumping data for table `pecas`
--

INSERT INTO `pecas` (`id_peca`, `tipo`, `formapg`) VALUES
(1, 'Bancada', 'm²'),
(2, 'Escada', 'm²'),
(3, 'Patamares', 'm²'),
(4, 'Lavatório', 'm²'),
(5, 'Corte Retos', 'ML'),
(6, 'Cuba Esculpida', 'Peça'),
(7, 'Boca de Churrasqueira', 'Peça'),
(8, 'Requadro', 'Peça'),
(9, 'Nicho', 'Peça'),
(10, 'Tampo Frontal', 'm²'),
(11, 'Fachada', 'm²'),
(12, 'Bancada Ilha', 'm²'),
(13, 'Bancada Lavanderia', 'm²'),
(14, 'Casa Gás', 'm²'),
(15, 'Balcão', 'm²'),
(16, 'Divisória', 'm²');

-- --------------------------------------------------------

--
-- Table structure for table `usuarios`
--

CREATE TABLE `usuarios` (
  `id` int(11) NOT NULL,
  `nome` varchar(100) DEFAULT NULL,
  `login` varchar(50) DEFAULT NULL,
  `senha` varchar(255) DEFAULT NULL,
  `tipo` enum('user','admin') DEFAULT NULL,
  `ativo` tinyint(1) NOT NULL DEFAULT 1
) ENGINE=InnoDB DEFAULT CHARSET=latin1 COLLATE=latin1_swedish_ci;

--
-- Dumping data for table `usuarios`
--

INSERT INTO `usuarios` (`id`, `nome`, `login`, `senha`, `tipo`, `ativo`) VALUES
(3, 'Bruno Mateus', 'bruno', '$2y$10$6ZyLIbBsNeNI5c6EoPF6Ye8/881OUAUOsoGZAwdPtZhvPLx0FHpQS', 'admin', 1),
(10, 'Anny', 'anny', '$2y$10$tptmELpat4bIMehJRYsQQuNkCN2cxXHILWYdB.gUDbginX33drnGG', 'user', 1),
(11, 'Juliano', 'juliano', '$2y$10$gejtKPC0KNmdZSKlgTQRCe/Ik/iODx6JkjAH2cE3xg0wve9BqrBlC', 'admin', 1),
(12, 'ROBERTA', 'FIN123', '$2y$10$WMH.EPFdbcDmHl.Ocj8vS.nVtf8ROngeOrA/T2tcyQuOcxXkrcR8G', 'admin', 1);

-- --------------------------------------------------------

--
-- Table structure for table `vendas`
--

CREATE TABLE `vendas` (
  `id_venda` int(11) NOT NULL,
  `id_vendedor` int(11) DEFAULT NULL,
  `id_vendedor2` int(11) DEFAULT NULL,
  `id_comissao` int(11) DEFAULT NULL,
  `id_comissao2` int(11) DEFAULT NULL,
  `dt_venda` date DEFAULT NULL,
  `cliente` varchar(100) DEFAULT NULL,
  `vlr_total` decimal(10,2) DEFAULT NULL,
  `vlr_entrada` decimal(10,2) DEFAULT NULL,
  `forma_pg` varchar(50) DEFAULT NULL,
  `qtd_parcelas` int(11) DEFAULT NULL,
  `dt_boletos` date DEFAULT NULL
) ENGINE=InnoDB DEFAULT CHARSET=latin1 COLLATE=latin1_swedish_ci;

--
-- Dumping data for table `vendas`
--

INSERT INTO `vendas` (`id_venda`, `id_vendedor`, `id_vendedor2`, `id_comissao`, `id_comissao2`, `dt_venda`, `cliente`, `vlr_total`, `vlr_entrada`, `forma_pg`, `qtd_parcelas`, `dt_boletos`) VALUES
(4, 3, NULL, 1, NULL, '2025-05-09', 'BCN CONSTRUTORA E INCORPORADORA', '295.80', '0.00', 'Permuta Parcelado', 1, NULL),
(7, 3, NULL, 1, NULL, '2025-05-15', 'MEI JACOB', '3400.00', '0.00', 'PIX', 0, NULL),
(8, 3, NULL, 1, NULL, '2025-05-09', 'EINSTEIN ARQUITETURA LTDA', '128.25', '0.00', 'Permuta Parcelado', 1, NULL),
(9, 4, NULL, 5, NULL, '2025-05-08', 'FH ARANTES PARTCIPAÇÕES LTDA', '230000.00', '76200.00', 'Parcelado', 5, '2025-05-15'),
(10, 3, NULL, 1, NULL, '2025-05-27', 'NATHASHA CASSIA DE FARIA', '214.67', '0.00', 'Parcelado', 1, '2025-06-29'),
(11, 3, NULL, 1, NULL, '2025-05-27', 'SALAMANIA IVANOFF', '2300.61', '0.00', 'Parcelado', 1, '2025-06-26'),
(12, 3, NULL, 1, NULL, '2025-05-22', 'SPE HABITAT JATAI I EMPREENDIMENTOS IMOBILIARIOS LTDA', '786.42', '0.00', 'Parcelado', 1, '2025-06-23'),
(13, 5, NULL, 1, NULL, '2025-05-06', 'ANDRE RICARDO DE PAULA', '4000.00', '0.00', 'Permuta Parcelado', 3, NULL),
(14, 5, NULL, 1, NULL, '2025-05-27', 'BEATRIZ AGMES', '1000.00', '0.00', 'PIX', 0, NULL),
(15, 5, NULL, 1, NULL, '2025-05-28', 'CONSTRUTORA E INCORPORADORA CUNHA DA CAMARA LTDA', '27500.00', '0.00', 'Parcelado', 3, '2025-07-19'),
(16, 5, NULL, 1, NULL, '2025-05-30', 'CONSTRUTORA E INCORPORADORA CUNHA DA CAMARA LTDA', '200.00', '0.00', 'Parcelado', 1, '2025-06-30'),
(17, 5, NULL, 1, NULL, '2025-05-08', 'DINAIR MARIA DA SILVA', '1700.00', '0.00', 'PIX', 0, NULL),
(18, 5, NULL, 1, NULL, '2025-05-27', 'EVERTON MORAES FONSECA', '2908.33', '0.00', 'PIX', 0, NULL),
(20, 5, NULL, 1, NULL, '2025-05-15', 'PETRO LONGINVCH NIKIFOROFF', '1384.04', '0.00', 'PIX', 0, NULL),
(21, 5, NULL, 1, NULL, '2025-05-14', 'RENATO PEREIRA MARTINS PIRES', '290.00', '0.00', 'PIX', 0, NULL),
(22, 5, NULL, 1, NULL, '2025-05-28', 'VALDIR MACHADO', '252.84', '0.00', 'PIX', 0, NULL),
(24, 7, NULL, 5, NULL, '2024-11-21', 'DENIS DE CAMPOS BERNARDES', '330000.00', '0.00', 'Parcelado', 20, '2024-12-19'),
(25, 6, NULL, 1, NULL, '2025-05-26', 'COOPERATIVA DUBAI GRAN RESERVA RESIDENCE', '69018.52', '0.00', 'Parcelado', 5, '2025-08-28'),
(26, 6, NULL, 1, NULL, '2025-05-28', 'DEJANE MARA MAFFISSONI', '1250.00', '625.00', 'Parcelado', 1, '2025-06-27'),
(27, 6, NULL, 1, NULL, '2025-05-30', 'FERNANDO MARTINS LEÃO RIBEIRO', '900.00', '0.00', 'PIX', 0, NULL),
(28, 6, NULL, 1, NULL, '2025-05-26', 'ANA CAROLINA CUNHA MACIEL', '570.00', '0.00', 'Parcelado', 1, '2025-05-09'),
(29, 6, NULL, 1, NULL, '2025-05-13', 'CLECIO DE ALMEIDA GOMES', '133253.63', '0.00', 'Permuta Parcelado', 10, '2025-05-13'),
(30, 6, NULL, 1, NULL, '2025-05-13', 'CLECIO DE ALMEIDA GOMES', '130008.88', '0.00', 'Permuta Parcelado', 10, '2025-05-20'),
(32, 6, NULL, 1, NULL, '2025-05-30', 'JOSE VICENTE TONIN JUNIOR', '880.00', '0.00', 'PIX', 0, NULL),
(34, 7, NULL, 5, NULL, '2024-11-25', 'WILLER CARLOS LOURENÇO OLIEVIRA', '307000.00', '92100.00', 'Parcelado', 15, '2024-12-20'),
(35, 6, NULL, 1, NULL, '2025-04-22', 'PEDRO VELASCO JUNIOR', '8400.00', '2800.00', 'Parcelado', 2, '2025-04-22'),
(36, 6, NULL, 1, NULL, '2025-02-20', 'RENIVALDO GOMES DA SILVA FILHO', '5124.10', '0.00', 'Parcelado', 4, '2025-02-20'),
(38, 8, NULL, 5, NULL, '2025-02-19', 'MAICON DE OLIVEIRA MALHADA', '39000.00', '11700.00', 'Parcelado', 3, '2025-02-22'),
(39, 6, NULL, 2, NULL, '2025-01-06', 'FERNANDO MARTINS LEÃO RIBEIRO', '210000.00', '0.00', 'Parcelado', 6, '2024-12-30'),
(40, 6, NULL, 2, NULL, '2024-11-21', 'DENIS DE CAMPOS BERNARDES', '330000.00', '0.00', 'Parcelado', 20, '2024-12-20'),
(41, 6, NULL, 1, NULL, '2025-04-06', 'COOPERATIVA DUBAI GRAN RESERVA RESIDENCE', '100000.00', '0.00', 'Parcelado', 1, '2025-05-25'),
(42, 6, NULL, 2, NULL, '2024-12-04', 'LUIZ GUSTAVO SOUSA MANHÃES', '38819.42', '0.00', 'Parcelado', 6, '2024-12-03'),
(43, 6, NULL, 1, NULL, '2025-02-19', 'MAICON DE OLIVEIRA MALHADA', '39000.00', '11700.00', 'Parcelado', 3, '2025-02-19'),
(44, 9, NULL, 5, NULL, '2025-01-06', 'FERNANDO MARTINS LEÃO RIBEIRO', '210000.00', '0.00', 'Parcelado', 6, '2025-12-30'),
(45, 6, NULL, 1, NULL, '2025-05-15', 'FERNANDO MARTINS LEÃO RIBEIRO', '4088.27', '0.00', 'Parcelado', 4, '2025-05-16'),
(46, 6, NULL, 1, NULL, '2025-01-08', 'LUIS OTAVIO SILVA AZEVEDO', '3990.77', '0.00', 'Parcelado', 5, '2025-01-07'),
(47, 6, NULL, 1, NULL, '2025-01-23', 'JOAQUIM ALVES CRUVINEL', '2600.00', '0.00', 'Parcelado', 4, '2025-01-24'),
(48, 6, NULL, 2, NULL, '2025-01-23', 'RODRIGO PIMENTA BERNARDES', '46749.97', '0.00', 'Parcelado', 5, '2025-01-24'),
(50, 6, NULL, 1, NULL, '2025-02-22', 'MARYANNE PEREIRA SANTOS COSTA', '11000.00', '0.00', 'Parcelado', 4, '2025-02-26'),
(51, 6, NULL, 1, NULL, '2025-02-26', 'WILLER CARLOS LOURENÇO OLIEVIRA', '63766.09', '0.00', 'Parcelado', 10, '2025-02-28'),
(52, 6, NULL, 1, NULL, '2025-03-28', 'RENIVALDO GOMES DA SILVA FILHO', '1711.74', '0.00', 'Parcelado', 2, '2025-03-28'),
(53, 6, NULL, 1, NULL, '2025-03-28', 'BENEDITA ALVES APRIGIO DO PRADO', '28000.00', '14400.00', 'Parcelado', 3, '2025-03-28'),
(54, 6, NULL, 6, NULL, '2024-10-21', 'RENIVALDO GOMES DA SILVA FILHO', '30000.00', '5000.00', 'Parcelado', 8, '2024-10-20'),
(55, 6, NULL, 1, NULL, '2025-04-08', 'MARCELI SILVA DE OLIVEIRA FERREIRA', '7400.00', '0.00', 'Cartão de Crédito', 5, '2025-04-08'),
(57, 6, NULL, 1, NULL, '2025-04-14', 'JOSE VICENTE TONIN JUNIOR', '14000.00', '7000.00', 'Parcelado', 1, '2025-04-27'),
(58, 6, NULL, 1, NULL, '2025-04-29', 'RODRIGO PIMENTA BERNARDES', '223.10', '0.00', 'Parcelado', 1, '2025-04-28'),
(61, 6, NULL, 1, NULL, '2025-05-22', 'KAMYLA CRISTINA SILVA PESSOA', '1396.00', '420.00', 'Parcelado', 1, '2025-05-11'),
(62, 6, NULL, 1, NULL, '2025-05-22', 'LARISSA TONIN IPLINSKY', '500.00', '0.00', 'PIX', 0, NULL),
(63, 6, NULL, 1, NULL, '2025-05-26', 'MARCOS AURELIO FACHIN COMELLI', '20500.00', '5500.00', 'Parcelado', 3, '2025-05-26'),
(64, 6, NULL, 1, NULL, '2025-05-16', 'MARCOS ANTONIO DEWES', '12450.00', '6200.00', 'Parcelado', 1, '2025-06-16'),
(65, 10, NULL, 4, NULL, '2025-05-16', 'MARCOS ANTONIO DEWES', '12450.00', '6200.00', 'Parcelado', 1, '2025-06-16'),
(66, 6, NULL, 1, NULL, '2025-05-30', 'MARCOS AURELIO FACHIN COMELLI', '2283.34', '0.00', 'Parcelado', 2, '2025-05-30'),
(67, 6, NULL, 1, NULL, '2025-05-08', 'PEDRO VELASCO JUNIOR', '453.49', '0.00', 'PIX', 0, NULL),
(68, 6, NULL, 1, NULL, '2025-05-05', 'RAFAEL LUÍS CLEMENTE', '17262.98', '0.00', 'Cartão de Crédito', 5, '2025-05-04'),
(69, 6, NULL, 1, NULL, '2025-05-23', 'ROSEMAR VIEIRA CABRAL MENEZES', '200.00', '0.00', 'PIX', 0, NULL),
(70, 6, NULL, 1, NULL, '2025-05-13', 'WILLER CARLOS LOURENÇO OLIEVIRA', '6113.12', '0.00', 'Parcelado', 3, '2025-05-12'),
(71, 6, NULL, 2, NULL, '2024-11-25', 'WILLER CARLOS LOURENÇO OLIEVIRA', '307000.00', '92100.00', 'Parcelado', 15, '2024-12-20'),
(73, 11, NULL, 4, NULL, '2025-05-06', 'COOPERATIVA DUBAI GRAN RESERVA RESIDENCE', '100000.00', '0.00', 'Parcelado', 1, '2025-04-06'),
(74, 5, NULL, 1, NULL, '2025-05-09', 'MARCELI SILVA DE OLIVEIRA FERREIRA', '3550.00', '0.00', 'Cartão de Crédito', 5, '2025-05-09'),
(75, 3, NULL, 1, NULL, '2025-05-20', 'DIOCESE DE JATAI', '3000.00', '0.00', 'Parcelado', 1, '2025-05-19'),
(76, 3, NULL, 1, NULL, '2025-05-27', 'GUSTAVO PIGNATI DO NASCIMENTO', '10000.00', '0.00', 'PIX', 0, NULL),
(77, 3, NULL, 1, NULL, '2025-03-28', 'SPE HABITAT JATAI I EMPREENDIMENTOS IMOBILIARIOS LTDA', '252601.77', '0.00', 'Parcelado', 2, '2025-03-28'),
(78, 3, NULL, 1, NULL, '2025-04-04', 'JOSE EURIPEDES MOREIRA BENTO', '1700.00', '0.00', 'Parcelado', 1, '2025-04-04'),
(79, 3, NULL, 1, NULL, '2025-04-16', 'RAQUEL BURALLI BRANDÃO SPEROTTO', '549.58', '0.00', 'Parcelado', 1, '2025-04-16'),
(80, 3, NULL, 1, NULL, '2025-04-17', 'BCN CONSTRUTORA E INCORPORADORA', '261.64', '0.00', 'Parcelado', 1, '2025-06-06'),
(81, 3, NULL, 1, NULL, '2025-05-16', 'SPE HABITAT JATAI I EMPREENDIMENTOS IMOBILIARIOS LTDA', '22867.14', '0.00', 'Parcelado', 1, '2025-05-16'),
(82, 12, NULL, 1, NULL, '2025-01-27', 'ALAN CARLOS DA COSTA', '8980.00', '4490.01', 'Cartão de Crédito', 3, '2025-02-10'),
(83, 12, NULL, 1, NULL, '2025-01-14', 'MANOEL FABIO COSTA DE SOUZA', '2000.00', '0.00', 'Parcelado', 6, '2025-01-13'),
(84, 12, NULL, 1, NULL, '2025-01-14', 'MANOEL FABIO COSTA DE SOUZA', '364.00', '0.00', 'Parcelado', 4, '2025-01-13'),
(85, 12, NULL, 6, NULL, '2025-01-14', 'VALDIR MACHADO', '5000.00', '0.00', 'Parcelado', 4, '2025-01-14'),
(86, 12, NULL, 1, NULL, '2025-02-26', 'TOP CAR AUTO CENTER LTDA', '4780.00', '0.00', 'Parcelado', 4, '2025-02-26'),
(87, 12, NULL, 1, NULL, '2025-03-19', 'H7 PRODUÇÃO DE SILAGENS LTDA', '2193.51', '0.00', 'Parcelado', 3, '2025-03-19'),
(88, 12, NULL, 1, NULL, '2025-04-11', 'J A ADMINISTRAÇÃO E SERVIÇOS LTDA', '2090.00', '0.00', 'Parcelado', 2, '2025-03-12'),
(89, 12, NULL, 1, NULL, '2025-04-11', 'VALDIR MACHADO', '27000.00', '0.00', 'Parcelado', 4, '2025-04-11'),
(90, 12, NULL, 1, NULL, '2025-04-23', 'J A ADMINISTRAÇÃO E SERVIÇOS LTDA', '3050.00', '0.00', 'Parcelado', 1, '2025-04-23'),
(91, 12, NULL, 1, NULL, '2025-04-29', 'MARCELO DIAS', '2000.00', '0.00', 'Parcelado', 1, '2025-04-15'),
(92, 5, NULL, 1, NULL, '2025-02-26', 'ADRYELLE VIEIRA ARANTES', '6800.00', '0.00', 'Parcelado', 3, '2025-02-28'),
(93, 6, NULL, 1, NULL, '2025-06-12', 'DANIEL AUGUSTO DE FRANÇA ALMEIDA', '147.00', '0.00', 'Parcelado', 1, '2026-06-14'),
(94, 6, NULL, 1, NULL, '2025-06-12', 'EDNE DOS SANTOS SILVA', '60.00', '0.00', 'PIX', 1, NULL),
(95, 6, NULL, 1, NULL, '2025-06-05', 'VALTER JOSE TEIXEIRA', '17000.00', '5100.00', 'Cartão de Crédito', 4, '2025-06-07'),
(97, 9, NULL, 5, NULL, '2025-06-05', 'VALTER JOSE TEIXEIRA', '17000.00', '5100.00', 'Cartão de Crédito', 4, '2025-06-07'),
(98, 3, NULL, 1, NULL, '2025-06-06', 'ADORNO CORTINAS INTERIORES E SERVIÇOS LTDA', '1200.00', '0.00', 'Parcelado', 2, '2025-06-07'),
(100, 3, NULL, 1, NULL, '2025-06-16', 'ADORNO CORTINAS INTERIORES E SERVIÇOS LTDA', '1354.97', '0.00', 'Parcelado', 2, '2025-06-16'),
(101, 3, NULL, 1, NULL, '2025-06-06', 'BCN CONSTRUTORA E INCORPORADORA', '220.70', '0.00', 'Permuta Parcelado', 1, '2025-06-07'),
(102, 3, NULL, 1, NULL, '2025-06-18', 'DEGINALDO ABADIO DE OLIVEIRA', '10062.04', '0.00', 'Permuta Parcelado', 6, '2025-06-18'),
(103, 3, NULL, 1, NULL, '2025-06-05', 'ODILIA SILVA KUHN', '149.46', '0.00', 'Permuta Parcelado', 1, '2025-06-14'),
(104, 3, NULL, 1, NULL, '2025-06-05', 'MEI JACOB ZEIBAK', '291.09', '0.00', 'PIX', 1, NULL),
(105, 3, NULL, 1, NULL, '2025-06-17', 'PROGRESSO MÁQUINAS AGRÍCOLAS LTDA', '460.00', '0.00', 'Parcelado', 1, '2025-06-17'),
(106, 3, NULL, 6, NULL, '2025-06-12', 'JACKSON CASTRO DE OLIVEIRA', '76786.09', '25000.00', 'Parcelado', 2, '2025-08-22'),
(107, 3, NULL, 1, NULL, '2025-06-16', 'EINSTEIN ARQUITETURA LTDA', '38000.00', '0.00', 'Permuta Parcelado', 6, '2025-07-16'),
(108, 3, NULL, 1, NULL, '2025-06-23', 'BCN CONSTRUTORA E INCORPORADORA', '459.16', '0.00', 'Permuta Parcelado', 1, '2025-07-23'),
(109, 6, NULL, 1, NULL, '2025-06-26', 'CLECIO DE ALMEIDA GOMES', '490.00', '0.00', 'Permuta Parcelado', 1, '2025-08-24'),
(110, 6, NULL, 1, NULL, '2025-06-26', 'EDUARDO DO PRADO LOBO', '391.00', '0.00', 'Permuta Parcelado', 1, '2025-06-28'),
(112, 5, NULL, 6, NULL, '2025-06-25', 'MOBI TRANSPORTE', '2170.00', '0.00', 'Parcelado', 1, '2025-05-27'),
(113, 6, NULL, 1, NULL, '2025-06-23', 'RENATO AUGUSTO MORAES', '190.00', '0.00', 'À Vista', 1, NULL),
(114, 3, NULL, 1, NULL, '2025-06-23', 'BCN CONSTRUTORA E INCORPORADORA', '459.16', '0.00', 'Permuta Parcelado', 1, '2025-08-23'),
(115, 5, NULL, 1, NULL, '2024-09-06', 'RENATO CUNHA DA CAMARA', '965.43', '0.00', 'Parcelado', 1, '2025-06-26'),
(116, 3, NULL, 1, NULL, '2025-06-23', 'SPE HABITAT JATAI I EMPREENDIMENTOS IMOBILIARIOS LTDA', '1572.84', '0.00', 'Parcelado', 1, '2025-06-23'),
(117, 5, NULL, 1, NULL, '2024-10-28', 'BCN CONSTRUTORA E INCORPORADORA', '2468.51', '0.00', 'Permuta Parcelado', 2, '2025-07-26'),
(118, 5, NULL, 1, NULL, '2024-11-27', 'BCN CONSTRUTORA E INCORPORADORA', '195.40', '0.00', 'Permuta Parcelado', 1, '2025-06-26'),
(119, 3, NULL, 1, NULL, '2025-04-17', 'BCN CONSTRUTORA E INCORPORADORA', '261.64', '0.00', 'Permuta Parcelado', 1, '2025-06-19'),
(120, 3, NULL, 1, NULL, '2025-03-17', 'EINSTEIN ARQUITETURA LTDA', '5190.81', '0.00', 'Permuta Parcelado', 4, '2025-06-09'),
(121, 3, NULL, 1, NULL, '2025-04-02', 'ODILIA SILVA KUHN', '120.00', '0.00', 'Permuta Parcelado', 1, '2025-06-02'),
(122, 5, NULL, 1, NULL, '2025-03-19', 'ODILIA SILVA KUHN', '7200.95', '0.00', 'Permuta Parcelado', 6, '2025-06-19'),
(123, 6, NULL, 1, NULL, '2025-04-24', 'LEANDRO PARREIRA DOS SANTOS', '187.20', '0.00', 'Permuta Parcelado', 1, '2025-06-22'),
(124, 6, NULL, 1, NULL, '2025-04-08', 'LEANDRO PARREIRA DOS SANTOS', '97.60', '0.00', 'Permuta Parcelado', 1, '2025-06-06'),
(125, 6, NULL, 1, NULL, '2025-01-10', 'LEANDRO PARREIRA DOS SANTOS', '6647.07', '0.00', 'Permuta Parcelado', 5, '2025-06-06'),
(126, 6, NULL, 1, NULL, '2025-02-03', 'LEANDRO PARREIRA DOS SANTOS', '42.00', '0.00', 'Permuta Parcelado', 1, '2025-06-25'),
(127, 6, NULL, 1, NULL, '2024-09-30', 'LEANDRO PARREIRA DOS SANTOS', '7750.00', '0.00', 'Permuta Parcelado', 5, '2025-06-20'),
(128, 6, NULL, 1, NULL, '2024-06-05', 'LEANDRO PARREIRA DOS SANTOS', '7737.29', '0.00', 'Permuta Parcelado', 5, '2025-06-25'),
(129, 6, NULL, 1, NULL, '2024-07-03', 'LEANDRO PARREIRA DOS SANTOS', '494.82', '0.00', 'Permuta Parcelado', 2, '2027-06-25'),
(130, 6, NULL, 1, NULL, '2024-07-31', 'LEANDRO PARREIRA DOS SANTOS', '30.00', '0.00', 'Permuta Parcelado', 1, '2025-05-25'),
(131, 6, NULL, 1, NULL, '2024-09-13', 'LEANDRO PARREIRA DOS SANTOS', '264.52', '0.00', 'Permuta Parcelado', 1, '2025-05-25'),
(132, 6, NULL, 1, NULL, '2024-10-28', 'LEANDRO PARREIRA DOS SANTOS', '316.39', '0.00', 'Permuta Parcelado', 2, '2025-05-25'),
(133, 6, NULL, 1, NULL, '2024-11-08', 'LEANDRO PARREIRA DOS SANTOS', '322.57', '0.00', 'Permuta Parcelado', 2, '2025-05-25'),
(134, 6, NULL, 1, NULL, '2024-11-29', 'LEANDRO PARREIRA DOS SANTOS', '187.66', '0.00', 'Permuta Parcelado', 1, '2025-05-25'),
(135, 6, NULL, 1, NULL, '2025-06-28', 'LEANDRO PARREIRA DOS SANTOS', '30.00', '0.00', 'Permuta Parcelado', 1, '2025-05-25'),
(136, 6, NULL, 1, NULL, '2025-02-11', 'LEANDRO PARREIRA DOS SANTOS', '45.85', '0.00', 'Permuta Parcelado', 1, '2025-06-26'),
(137, 6, NULL, 1, NULL, '2025-05-29', 'LEANDRO PARREIRA DOS SANTOS', '72.90', '0.00', 'Permuta Parcelado', 1, '2025-05-25'),
(138, 6, NULL, 1, NULL, '2024-09-03', 'ODILIA SILVA KUHN', '12328.26', '0.00', 'Permuta Parcelado', 10, '2025-05-25'),
(139, 5, NULL, NULL, NULL, '2024-12-12', 'CLECIO DE ALMEIDA GOMES', '721.39', '0.00', 'Permuta Parcelado', 1, '2026-05-25'),
(140, 6, NULL, 1, NULL, '2024-10-09', 'CLECIO DE ALMEIDA GOMES', '5090.10', '0.00', 'Permuta Parcelado', 5, '2025-05-25'),
(141, 16, NULL, NULL, NULL, '2023-12-22', 'DEGINALDO ABADIO DE OLIVEIRA', '226.71', '0.00', 'Permuta Parcelado', 1, '2025-05-25'),
(142, 16, NULL, NULL, NULL, '2025-06-28', 'ROBSON ALBERTO ZANINI', '17432.44', '0.00', 'Permuta Parcelado', 1, '2025-05-25'),
(143, 16, NULL, NULL, NULL, '2025-01-15', 'DELTA ALUMINIOS', '1450.00', '0.00', 'Permuta Parcelado', 1, '2025-05-25'),
(144, 3, NULL, 1, NULL, '2025-06-27', 'SPE HABITAT JATAI I EMPREENDIMENTOS IMOBILIARIOS LTDA', '29004.50', '0.00', 'Parcelado', 1, '2025-06-28'),
(145, 5, NULL, 1, NULL, '2025-06-27', 'PORTO HORIZONTE SPE EMPREENDIMENTOS IMOBILIARIOS LTDA', '10495.62', '0.00', 'Parcelado', 1, '2025-06-27'),
(146, 7, NULL, 5, NULL, '2024-10-21', 'LUDIMILLA CECILIO RIBEIRO PESSOA', '26100.00', '0.00', 'Parcelado', 10, '2024-11-20'),
(147, 5, NULL, 1, NULL, '2025-06-11', 'H7 PRODUÇÃO DE SILAGENS LTDA', '20800.00', '0.00', 'Permuta Parcelado', 6, '2025-06-11'),
(148, 5, NULL, 6, NULL, '2025-06-26', 'E S A HOLDING PERTICIPAÇÕES LTDA', '85000.00', '0.00', 'Parcelado', 6, '2025-06-26'),
(149, 14, NULL, 5, NULL, '2025-06-26', 'E S A HOLDING PERTICIPAÇÕES LTDA', '85000.00', '0.00', 'Parcelado', 6, '2025-06-26'),
(150, 5, NULL, 6, NULL, '2025-06-27', 'ELISANGELA FORNEL MARINGOLO', '117000.00', '35000.00', 'Parcelado', 5, '2025-06-28'),
(151, 15, NULL, 4, NULL, '2025-06-27', 'ELISANGELA FORNEL MARINGOLO', '117000.00', '35000.00', 'Parcelado', 5, '2025-06-28'),
(152, 5, NULL, 6, NULL, '2025-06-27', 'EVERTON MORAES FONSECA', '592.31', '0.00', 'PIX', 1, NULL),
(153, 5, NULL, 1, NULL, '2025-07-01', 'ANDRE RICARDO DE PAULA', '133.12', '0.00', 'Permuta Parcelado', 1, '2025-07-01'),
(154, 5, NULL, 1, NULL, '2025-06-17', 'ANDRE RICARDO DE PAULA', '283.92', '0.00', 'Permuta Parcelado', 1, '2025-06-17'),
(155, 6, NULL, 1, NULL, '2025-07-02', 'COOPERATIVA DUBAI GRAN RESERVA RESIDENCE', '24678.36', '0.00', 'Parcelado', 1, '2025-06-15'),
(157, 6, NULL, 1, NULL, '2025-07-02', 'FERNANDO FACIOLLI', '4000.00', '0.00', 'PIX', 1, NULL),
(158, 16, NULL, 1, NULL, '2025-06-30', 'LENIO PORTILHO CRUVINEL', '731.02', '0.00', 'Parcelado', 1, '2025-06-30'),
(159, 6, NULL, 1, NULL, '2025-06-27', 'RODRIGO CARLOS BORGES', '200.00', '0.00', 'Cartão de Débito', 1, NULL),
(160, 6, NULL, 1, NULL, '2025-07-02', 'RAFAEL FERNANDES BRASILEIRO', '239.00', '0.00', 'PIX', 1, NULL),
(161, 3, NULL, 1, NULL, '2025-07-09', 'ADORNO CORTINAS INTERIORES E SERVIÇOS LTDA', '2089.21', '0.00', 'Parcelado', 3, '2025-06-21'),
(162, 6, NULL, 1, NULL, '2025-07-03', 'BENEDITA ALVES APRIGIO DO PRADO', '12000.00', '6000.00', 'Parcelado', 1, '2025-07-04'),
(163, 3, NULL, 1, NULL, '2025-07-07', 'EINSTEIN ARQUITETURA LTDA', '378.00', '0.00', 'Parcelado', 1, '2025-07-06'),
(164, 5, NULL, 6, NULL, '2025-06-26', 'ELIVAN ALVES ARANTES', '5580.00', '2790.00', 'Parcelado', 3, '2025-06-28'),
(165, 3, NULL, 1, NULL, '2025-07-08', 'SPE HABITAT JATAI I EMPREENDIMENTOS IMOBILIARIOS LTDA', '115.84', '0.00', 'Parcelado', 1, '2025-07-07'),
(166, 5, NULL, 6, NULL, '2025-06-16', 'EVERTON MORAES FONSECA', '391.28', '0.00', 'PIX', 1, NULL),
(167, 5, NULL, 6, NULL, '2025-06-05', 'JORGE FELBER', '2190.00', '0.00', 'Parcelado', 1, '2025-06-07'),
(168, 5, NULL, 6, NULL, '2025-06-05', 'RAFAEL BROLLO', '62000.00', '0.00', 'À Vista', 1, NULL),
(169, 17, NULL, 5, NULL, '2025-06-05', 'RAFAEL BROLLO', '62000.00', '0.00', 'PIX', 1, NULL),
(171, 3, NULL, 1, NULL, '2025-07-18', 'JACKSON CASTRO DE OLIVEIRA', '6400.00', '0.00', 'Parcelado', 2, '2025-07-20'),
(172, 6, 18, 1, 5, '2025-07-21', 'LEILA MARIA GUIMARAES AGUIAR', '40148.48', '12000.00', 'Parcelado', 3, '2025-07-20'),
(173, 6, NULL, 1, NULL, '2025-07-10', 'LUIS OTAVIO SILVA AZEVEDO', '115.00', '0.00', 'PIX', 0, NULL),
(174, 6, NULL, 1, NULL, '2025-07-10', 'MARCOS EDUARDO DOS SANTOS', '115.00', '0.00', 'PIX', 0, NULL),
(175, 16, NULL, 1, NULL, '2025-07-18', 'DOUGLAS MELO MENDES', '280.00', '0.00', 'PIX', 0, NULL),
(176, 3, NULL, 6, NULL, '2025-07-21', 'WELITON DA SILVA FERREIRA', '104000.00', '31199.89', 'Parcelado', 5, '2025-09-10'),
(177, 6, NULL, 1, NULL, '2025-07-31', 'ANDRADE E CARREIRA INCORPORAÇÕES LTDA', '1641.50', '0.00', 'Parcelado', 1, '2025-07-15'),
(178, 16, NULL, 1, NULL, '2025-07-10', 'PEDRINI INCORPORAÇÕES LTDA', '138643.64', '0.00', 'Parcelado', 3, '2025-06-25'),
(179, 16, NULL, 1, NULL, '2025-07-10', 'ANDRADE E CARREIRA INCORPORAÇÕES LTDA', '138643.64', '0.00', 'Parcelado', 3, '2025-06-25'),
(180, 5, NULL, 1, NULL, '2025-07-25', 'ANDRE RICARDO DE PAULA', '630.00', '0.00', 'Permuta Parcelado', 1, '2025-08-24'),
(181, 3, NULL, 1, NULL, '2025-07-22', 'BCN CONSTRUTORA E INCORPORADORA', '548.00', '0.00', 'Permuta Parcelado', 1, '2025-08-21'),
(182, 6, NULL, 1, NULL, '2025-07-16', 'DEJANE MARA MAFFISSONI', '2900.00', '0.00', 'PIX', 0, NULL),
(183, 6, NULL, 1, NULL, '2025-07-30', 'EDUARDO DO PRADO LOBO', '4399.34', '0.00', 'Parcelado', 4, '2025-07-29'),
(184, 5, NULL, 1, NULL, '2025-07-25', 'E S A HOLDING PERTICIPAÇÕES LTDA', '16000.00', '0.00', 'Parcelado', 6, '2025-07-06'),
(185, 3, NULL, 1, NULL, '2025-07-09', 'EINSTEIN ARQUITETURA LTDA', '1773.92', '0.00', 'Permuta Parcelado', 1, '2025-08-08'),
(186, 3, NULL, 1, NULL, '2025-07-31', 'EINSTEIN ARQUITETURA LTDA', '240.00', '0.00', 'Permuta Parcelado', 1, '2025-09-01'),
(188, 3, NULL, 1, NULL, '2025-07-11', 'OZEIAS MEHRET', '428.74', '0.00', 'Parcelado', 1, '2025-07-11'),
(189, 6, NULL, 1, NULL, '2025-07-31', 'PEDRINI INCORPORAÇÕES LTDA', '1641.50', '0.00', 'Parcelado', 1, '2025-07-15'),
(190, 3, NULL, 6, NULL, '2025-07-11', 'PROGRESSO MÁQUINAS AGRÍCOLAS LTDA', '190.00', '0.00', 'PIX', 0, NULL),
(191, 6, NULL, 1, NULL, '2025-07-28', 'SOLUCOES SERVICOS TERCEIRIZADOS LTDA', '4000.00', '0.00', 'Parcelado', 1, '2025-07-20'),
(192, 5, NULL, 1, NULL, '2025-07-18', 'TELMA FERREIRA DE OLIVEIRA MEKDESSI', '12488.12', '0.00', 'PIX', 0, NULL),
(193, 5, NULL, 1, NULL, '2025-06-12', 'VALDIR MACHADO', '5000.00', '0.00', 'Cartão de Crédito', 4, '2025-06-14'),
(194, 6, NULL, 1, NULL, '2025-07-28', 'ANDRADE E CARREIRA INCORPORAÇÕES LTDA', '844.77', '0.00', 'Parcelado', 1, '2025-07-15'),
(195, 3, NULL, 1, NULL, '2025-05-27', 'GUSTAVO PIGNATI DO NASCIMENTO', '16000.00', '0.00', 'Parcelado', 2, '2025-06-04');

-- --------------------------------------------------------

--
-- Table structure for table `vendedores`
--

CREATE TABLE `vendedores` (
  `id_vendedor` int(11) NOT NULL,
  `nome` varchar(100) NOT NULL,
  `celular` varchar(20) DEFAULT NULL,
  `tipochave` varchar(20) DEFAULT NULL,
  `chave` varchar(100) DEFAULT NULL,
  `STATUS` tinyint(1) NOT NULL DEFAULT 1
) ENGINE=InnoDB DEFAULT CHARSET=latin1 COLLATE=latin1_swedish_ci;

--
-- Dumping data for table `vendedores`
--

INSERT INTO `vendedores` (`id_vendedor`, `nome`, `celular`, `tipochave`, `chave`, `STATUS`) VALUES
(3, 'RAFAEL DE SOUZA ASSUNÇÃO', '64992233429', 'CPF', '01968060111', 1),
(4, 'MARCOS SHERSTERS', '64981409521', 'CPF', '04048343106', 1),
(5, 'FABIO HENRIQUE ANTUNES', '64992290404', 'CPF', '008.013.981-77', 1),
(6, 'FERNANDO FIRMIANO DOS REIS', '64993411929', 'CNPJ', '50.579.615/0001-92', 1),
(7, 'LÍGIA ANICE CASTELFRANCHI DE BARROS LTDA', '64981166532', 'CNPJ', '43.573.929/0001-12', 1),
(8, 'MATHEUS OLIVEIRA REZENDE', '6499626-3470', 'CPF', '046.410.201-40', 1),
(9, 'TRES MAIS ARQUITETURA E INTERIORES LTDA', '6498105-4350', 'CNPJ', '21.356.838/0001-92', 1),
(10, 'GIOVANNA SERAPHIM DE ARAUJO', '6499983-2521', 'CNPJ', '44672564000146', 1),
(11, 'TARCISIO RIVAS', '64999087399', 'CNPJ', '52380740000102', 1),
(12, 'CAYREL DE OLIVEIRA', '64993014483', 'CPF', '043.273.521-60', 1),
(13, 'JULIANO ALVES FERREIRA', '064992598558', 'CPF', '70621263141', 1),
(14, 'JESSICA CRISTINA GOMES DE FREITAS', '06499282-9566', 'CNPJ', '52.791.820/0001-42 ', 1),
(15, 'GAZARINI E SANTA CRUZ ARQUITETURA E INTERIORES LTDA', '6499958-7178', 'CNPJ', '17.113.512/0001-67', 1),
(16, 'JULIANO ALVES FERREIRA', '64992598558', 'CNPJ', '59158795000103', 1),
(17, 'SARAH RIBEIRO SILVA MORAES', '64981405050', 'CPF', '732.802.401-15', 1),
(18, 'LIANE MARTINS LACERDA', '064 99987-5671', 'E-mail', 'jum.carvalho@hotmail.com', 1);

--
-- Indexes for dumped tables
--

--
-- Indexes for table `boleto`
--
ALTER TABLE `boleto`
  ADD PRIMARY KEY (`id_boleto`),
  ADD KEY `id_vendedor` (`id_vendedor`),
  ADD KEY `id_venda` (`id_venda`),
  ADD KEY `id_comissao` (`id_comissao`);

--
-- Indexes for table `comissao`
--
ALTER TABLE `comissao`
  ADD PRIMARY KEY (`id_comissao`);

--
-- Indexes for table `custos`
--
ALTER TABLE `custos`
  ADD PRIMARY KEY (`id_custo`),
  ADD KEY `id_funcionario` (`id_funcionario`),
  ADD KEY `id_peca` (`id_peca`),
  ADD KEY `id_materia` (`id_materia`);

--
-- Indexes for table `funcionarios`
--
ALTER TABLE `funcionarios`
  ADD PRIMARY KEY (`id_funcionario`);

--
-- Indexes for table `materia_prima`
--
ALTER TABLE `materia_prima`
  ADD PRIMARY KEY (`id_materia`);

--
-- Indexes for table `pecas`
--
ALTER TABLE `pecas`
  ADD PRIMARY KEY (`id_peca`);

--
-- Indexes for table `usuarios`
--
ALTER TABLE `usuarios`
  ADD PRIMARY KEY (`id`),
  ADD UNIQUE KEY `login` (`login`);

--
-- Indexes for table `vendas`
--
ALTER TABLE `vendas`
  ADD PRIMARY KEY (`id_venda`),
  ADD KEY `id_vendedor` (`id_vendedor`),
  ADD KEY `id_comissao` (`id_comissao`),
  ADD KEY `fk_vendas_vendedor2` (`id_vendedor2`);

--
-- Indexes for table `vendedores`
--
ALTER TABLE `vendedores`
  ADD PRIMARY KEY (`id_vendedor`);

--
-- AUTO_INCREMENT for dumped tables
--

--
-- AUTO_INCREMENT for table `boleto`
--
ALTER TABLE `boleto`
  MODIFY `id_boleto` int(11) NOT NULL AUTO_INCREMENT, AUTO_INCREMENT=503;

--
-- AUTO_INCREMENT for table `comissao`
--
ALTER TABLE `comissao`
  MODIFY `id_comissao` int(11) NOT NULL AUTO_INCREMENT, AUTO_INCREMENT=7;

--
-- AUTO_INCREMENT for table `custos`
--
ALTER TABLE `custos`
  MODIFY `id_custo` int(11) NOT NULL AUTO_INCREMENT, AUTO_INCREMENT=6;

--
-- AUTO_INCREMENT for table `funcionarios`
--
ALTER TABLE `funcionarios`
  MODIFY `id_funcionario` int(11) NOT NULL AUTO_INCREMENT, AUTO_INCREMENT=14;

--
-- AUTO_INCREMENT for table `materia_prima`
--
ALTER TABLE `materia_prima`
  MODIFY `id_materia` int(11) NOT NULL AUTO_INCREMENT, AUTO_INCREMENT=452;

--
-- AUTO_INCREMENT for table `pecas`
--
ALTER TABLE `pecas`
  MODIFY `id_peca` int(11) NOT NULL AUTO_INCREMENT, AUTO_INCREMENT=17;

--
-- AUTO_INCREMENT for table `usuarios`
--
ALTER TABLE `usuarios`
  MODIFY `id` int(11) NOT NULL AUTO_INCREMENT, AUTO_INCREMENT=13;

--
-- AUTO_INCREMENT for table `vendas`
--
ALTER TABLE `vendas`
  MODIFY `id_venda` int(11) NOT NULL AUTO_INCREMENT, AUTO_INCREMENT=196;

--
-- AUTO_INCREMENT for table `vendedores`
--
ALTER TABLE `vendedores`
  MODIFY `id_vendedor` int(11) NOT NULL AUTO_INCREMENT, AUTO_INCREMENT=19;

--
-- Constraints for dumped tables
--

--
-- Constraints for table `boleto`
--
ALTER TABLE `boleto`
  ADD CONSTRAINT `boleto_ibfk_1` FOREIGN KEY (`id_vendedor`) REFERENCES `vendedores` (`id_vendedor`),
  ADD CONSTRAINT `boleto_ibfk_2` FOREIGN KEY (`id_venda`) REFERENCES `vendas` (`id_venda`),
  ADD CONSTRAINT `boleto_ibfk_3` FOREIGN KEY (`id_comissao`) REFERENCES `comissao` (`id_comissao`);

--
-- Constraints for table `custos`
--
ALTER TABLE `custos`
  ADD CONSTRAINT `custos_ibfk_1` FOREIGN KEY (`id_funcionario`) REFERENCES `funcionarios` (`id_funcionario`),
  ADD CONSTRAINT `custos_ibfk_2` FOREIGN KEY (`id_peca`) REFERENCES `pecas` (`id_peca`),
  ADD CONSTRAINT `custos_ibfk_3` FOREIGN KEY (`id_materia`) REFERENCES `materia_prima` (`id_materia`);

--
-- Constraints for table `vendas`
--
ALTER TABLE `vendas`
  ADD CONSTRAINT `fk_vendas_vendedor2` FOREIGN KEY (`id_vendedor2`) REFERENCES `vendedores` (`id_vendedor`),
  ADD CONSTRAINT `vendas_ibfk_1` FOREIGN KEY (`id_vendedor`) REFERENCES `vendedores` (`id_vendedor`),
  ADD CONSTRAINT `vendas_ibfk_2` FOREIGN KEY (`id_comissao`) REFERENCES `comissao` (`id_comissao`);
COMMIT;

/*!40101 SET CHARACTER_SET_CLIENT=@OLD_CHARACTER_SET_CLIENT */;
/*!40101 SET CHARACTER_SET_RESULTS=@OLD_CHARACTER_SET_RESULTS */;
/*!40101 SET COLLATION_CONNECTION=@OLD_COLLATION_CONNECTION */;
